<?xml version='1.0' encoding='utf-8'?>
<strings>
  <string id="0" type="0">
    <lang lang="de-DE">
      <text>|GATSO| AD BE CH DE ES FR GB IT LU NL PL PT SE</text>
    </lang>
  </string>
  <string id="1" type="0">
    <lang lang="de-DE">
      <text>|unknown| FR</text>
    </lang>
  </string>
  <string id="2" type="0">
    <lang lang="de-DE">
      <text>|speed| AD BE CH DE ES FR GB IT LU NL PL PT SE</text>
    </lang>
  </string>
  <string id="3" type="0">
    <lang lang="de-DE">
      <text>|30| BE CH DE FR GB IT NL PL PT SE</text>
    </lang>
  </string>
  <string id="4" type="0">
    <lang lang="de-DE">
      <text>|40| CH DE ES GB IT NL PL SE</text>
    </lang>
  </string>
  <string id="5" type="0">
    <lang lang="de-DE">
      <text>|50| AD BE CH DE ES FR GB IT LU NL PL PT SE</text>
    </lang>
  </string>
  <string id="6" type="0">
    <lang lang="de-DE">
      <text>|60| AD BE CH DE ES GB IT NL PL PT SE</text>
    </lang>
  </string>
  <string id="7" type="0">
    <lang lang="de-DE">
      <text>|70| AD BE CH DE ES FR GB IT LU NL PL PT SE</text>
    </lang>
  </string>
  <string id="8" type="0">
    <lang lang="de-DE">
      <text>|80| BE CH DE ES FR GB IT NL PL PT SE</text>
    </lang>
  </string>
  <string id="9" type="0">
    <lang lang="de-DE">
      <text>|90| BE DE ES FR IT LU NL PL PT SE</text>
    </lang>
  </string>
  <string id="10" type="0">
    <lang lang="de-DE">
      <text>|100| BE CH DE ES GB IT NL PL PT SE</text>
    </lang>
  </string>
  <string id="11" type="0">
    <lang lang="de-DE">
      <text>|110| DE FR IT NL SE</text>
    </lang>
  </string>
  <string id="12" type="0">
    <lang lang="de-DE">
      <text>|120| BE CH DE ES GB NL PT</text>
    </lang>
  </string>
  <string id="13" type="0">
    <lang lang="de-DE">
      <text>|130| FR IT</text>
    </lang>
  </string>
  <string id="14" type="0">
    <lang lang="de-DE">
      <text>|stop| BE CH DE ES FR GB IT NL</text>
    </lang>
  </string>
  <string id="15" type="0">
    <lang lang="de-DE">
      <text>|redlight| BE CH DE ES FR GB IT NL</text>
    </lang>
  </string>
  <string id="16" type="0">
    <lang lang="de-DE">
      <text>|railway| FR</text>
    </lang>
  </string>
  <string id="17" type="0">
    <lang lang="de-DE">
      <text>|tunnel| CH DE ES</text>
    </lang>
  </string>
</strings>
