8.78486,53.12203,"max @120","DE Radar Fixe DE 120"
11.19789,49.39539,"max @120","DE Radar Fixe DE 120"
13.583892,52.785951,"max @120","DE Radar Fixe DE 120"
3.9358333,50.4733333,"max @120","BE Radar Fixe BE 120"
4.072552,50.483951,"max @120","BE Radar Fixe BE 120"
3.9975,50.4919444,"max @120","BE Radar Fixe BE 120"
5.38477,50.39225,"max @120","BE Radar Fixe BE 120"
5.646704,50.6561999,"max @120","BE Radar Fixe BE 120"
4.90276,50.79109,"max @120","BE Radar Fixe BE 120"
5.11955,51.08899,"max @120","BE Radar Fixe BE 120"
4.50405,50.09902,"max @120","BE Radar Fixe BE 120"
5.46901,50.6449,"max @120","BE Radar Fixe BE 120"
5.46858,50.64505,"max @120","BE Radar Fixe BE 120"
4.55596,50.47395,"max @120","BE Radar Fixe BE 120"
4.442724,51.086874,"max @120","BE Radar Fixe BE 120"
3.78394,50.9954,"max @120","BE Radar Fixe BE 120"
5.11959,51.08903,"max @120","BE Radar Fixe BE 120"
4.355076,50.481516,"max @120","BE Radar Fixe BE 120"
4.124207,50.495299,"max @120","BE Radar Fixe BE 120"
4.55944,50.47467,"max @120","BE Radar Fixe BE 120"
4.96974,50.40357,"max @120","BE Radar Fixe BE 120"
4.92272,50.45657,"max @120","BE Radar Fixe BE 120"
5.67494,50.6759,"max @120","BE Radar Fixe BE 120"
4.90304,50.48505,"max @120","BE Radar Fixe BE 120"
4.43715,50.45332,"max @120","BE Radar Fixe BE 120"
4.30409,50.58847,"max @120","BE Radar Fixe BE 120"
4.12101,50.49465,"max @120","BE Radar Fixe BE 120"
3.84479,50.45281,"max @120","BE Radar Fixe BE 120"
3.84494,50.45304,"max @120","BE Radar Fixe BE 120"
5.49087,50.62543,"max @120","BE Radar Fixe BE 120"
5.4689,50.64498,"max @120","BE Radar Fixe BE 120"
4.97019,50.40321,"max @120","BE Radar Fixe BE 120"
4.90234,50.48585,"max @120","BE Radar Fixe BE 120"
4.55591,50.47402,"max @120","BE Radar Fixe BE 120"
5.60185,50.68414,"max @120","BE Radar Fixe BE 120"
4.61331,50.70291,"max @120","BE Radar Fixe BE 120"
3.25068,50.79919,"max @120","BE Radar Fixe BE 120"
3.7108,51.01474,"max @120","BE Radar Fixe BE 120"
3.68859,50.98537,"max @120","BE Radar Fixe BE 120"
5.12539,51.08618,"max @120","BE Radar Fixe BE 120"
4.76262,50.94271,"max @120","BE Radar Fixe BE 120"
3.78431,50.99549,"max @120","BE Radar Fixe BE 120"
4.61455,50.86055,"max @120","BE Radar Fixe BE 120"
4.4136,51.16953,"max @120","BE Radar Fixe BE 120"
4.553254,50.735609,"max @120","BE Radar Fixe BE 120"
3.449948,50.597154,"max @120","BE Radar Fixe BE 120"
4.35588,50.481408,"max @120","BE Radar Fixe BE 120"
4.467127,50.871846,"max @120","BE Radar Fixe BE 120"
3.944605,50.929928,"max @120","BE Radar Fixe BE 120"
3.2506496,50.7994593,"max @120","BE Radar Fixe BE 120"
3.2340172,50.7866872,"max @120","BE Radar Fixe BE 120"
6.63522,46.75711,"max @120","CH Radar Fixe CH 120"
8.43423,47.17953,"max @120","CH Radar Fixe CH 120"
6.45626,46.49384,"max @120","CH Radar Fixe CH 120"
6.92219,46.37222,"max @120","CH Radar Fixe CH 120"
6.90636,46.44386,"max @120","CH Radar Fixe CH 120"
6.3442,46.46833,"max @120","CH Radar Fixe CH 120"
6.20418,46.38643,"max @120","CH Radar Fixe CH 120"
6.41135,46.4772,"max @120","CH Radar Fixe CH 120"
6.23362,46.41406,"max @120","CH Radar Fixe CH 120"
6.58742,46.56125,"max @120","CH Radar Fixe CH 120"
6.29303,46.44403,"max @120","CH Radar Fixe CH 120"
6.1596,46.33537,"max @120","CH Radar Fixe CH 120"
7.75938,47.29768,"max @120","CH Radar Fixe CH 120"
7.7593,47.29782,"max @120","CH Radar Fixe CH 120"
9.59348,47.46479,"max @120","CH Radar Fixe CH 120"
7.23518,46.8706,"max @120","CH Radar Fixe CH 120"
7.23519,46.87039,"max @120","CH Radar Fixe CH 120"
7.80834,47.43906,"max @120","CH Radar Fixe CH 120"
-3.59557,40.75434,"max @120","ES Radar Fixe ES 120"
-5.0822,39.91969,"max @120","ES Radar Fixe ES 120"
-2.26417,40.07387,"max @120","ES Radar Fixe ES 120"
-3.49077,38.51895,"max @120","ES Radar Fixe ES 120"
-3.491,38.51896,"max @120","ES Radar Fixe ES 120"
2.60573,39.56467,"max @120","ES Radar Fixe ES 120"
2.60769,39.5675,"max @120","ES Radar Fixe ES 120"
0.41674,40.4697,"max @120","ES Radar Fixe ES 120"
-2.41671,36.89699,"max @120","ES Radar Fixe ES 120"
-3.63531,37.54057,"max @120","ES Radar Fixe ES 120"
-0.47021,39.52517,"max @120","ES Radar Fixe ES 120"
-5.8735,37.43229,"max @120","ES Radar Fixe ES 120"
-2.23942,43.04614,"max @120","ES Radar Fixe ES 120"
-4.6977,41.71669,"max @120","ES Radar Fixe ES 120"
-4.21748,42.07105,"max @120","ES Radar Fixe ES 120"
-0.59609,38.98453,"max @120","ES Radar Fixe ES 120"
-0.93429,38.72248,"max @120","ES Radar Fixe ES 120"
-0.40005,39.79191,"max @120","ES Radar Fixe ES 120"
-0.03487,40.06604,"max @120","ES Radar Fixe ES 120"
-2.25508,36.86262,"max @120","ES Radar Fixe ES 120"
-2.42307,36.8927,"max @120","ES Radar Fixe ES 120"
-8.84241,42.67529,"max @120","ES Radar Fixe ES 120"
-2.41085,41.17334,"max @120","ES Radar Fixe ES 120"
-5.82532,43.5259,"max @120","ES Radar Fixe ES 120"
2.06725,41.54313,"max @120","ES Radar Fixe ES 120"
-3.4433,43.39461,"max @120","ES Radar Fixe ES 120"
-1.93747,43.31067,"max @120","ES Radar Fixe ES 120"
-1.93403,43.31048,"max @120","ES Radar Fixe ES 120"
-7.82861,43.18506,"max @120","ES Radar Fixe ES 120"
1.86823,42.07817,"max @120","ES Radar Fixe ES 120"
-5.82885,43.52873,"max @120","ES Radar Fixe ES 120"
-5.72983,43.51536,"max @120","ES Radar Fixe ES 120"
-5.82835,43.35548,"max @120","ES Radar Fixe ES 120"
-6.71145,42.57538,"max @120","ES Radar Fixe ES 120"
-5.66081,42.00594,"max @120","ES Radar Fixe ES 120"
-3.856,40.4824,"max @120","ES Radar Fixe ES 120"
-1.98491,42.31171,"max @120","ES Radar Fixe ES 120"
-0.841,41.6568,"max @120","ES Radar Fixe ES 120"
-3.79639,40.19375,"max @120","ES Radar Fixe ES 120"
1.98207,41.45616,"max @120","ES Radar Fixe ES 120"
0.87559,41.47984,"max @120","ES Radar Fixe ES 120"
-1.65314,41.33214,"max @120","ES Radar Fixe ES 120"
-1.941,41.30383,"max @120","ES Radar Fixe ES 120"
-2.67868,40.95575,"max @120","ES Radar Fixe ES 120"
-3.65543,40.34337,"max @120","ES Radar Fixe ES 120"
-6.3579,42.021,"max @120","ES Radar Fixe ES 120"
1.97572,41.45474,"max @120","ES Radar Fixe ES 120"
1.41804,41.62336,"max @120","ES Radar Fixe ES 120"
1.29735,41.66638,"max @120","ES Radar Fixe ES 120"
-7.30397,42.90827,"max @120","ES Radar Fixe ES 120"
-7.15105,42.8627,"max @120","ES Radar Fixe ES 120"
-1.20395,38.87977,"max @120","ES Radar Fixe ES 120"
-1.01996,37.69451,"max @120","ES Radar Fixe ES 120"
-3.63472,40.35264,"max @120","ES Radar Fixe ES 120"
-4.58565,40.94236,"max @120","ES Radar Fixe ES 120"
-8.65079,42.42298,"max @120","ES Radar Fixe ES 120"
-8.62581,42.15785,"max @120","ES Radar Fixe ES 120"
-6.26722,38.94792,"max @120","ES Radar Fixe ES 120"
-1.67326,38.59543,"max @120","ES Radar Fixe ES 120"
-2.90244,43.01069,"max @120","ES Radar Fixe ES 120"
-5.71954,43.51819,"max @120","ES Radar Fixe ES 120"
-5.80478,43.39224,"max @120","ES Radar Fixe ES 120"
-2.77822,42.94398,"max @120","ES Radar Fixe ES 120"
-4.5449,37.43347,"max @120","ES Radar Fixe ES 120"
-5.84564,42.02283,"max @120","ES Radar Fixe ES 120"
-2.46925,39.81663,"max @120","ES Radar Fixe ES 120"
2.77814,41.87141,"max @120","ES Radar Fixe ES 120"
2.2946,41.48318,"max @120","ES Radar Fixe ES 120"
-3.5108,39.6687,"max @120","ES Radar Fixe ES 120"
-0.94954,41.6192,"max @120","ES Radar Fixe ES 120"
-1.97579,42.29819,"max @120","ES Radar Fixe ES 120"
-4.4237,41.98814,"max @120","ES Radar Fixe ES 120"
-5.02215,41.49722,"max @120","ES Radar Fixe ES 120"
-3.68295,42.32575,"max @120","ES Radar Fixe ES 120"
-7.96899,43.19233,"max @120","ES Radar Fixe ES 120"
-3.05684,37.37963,"max @120","ES Radar Fixe ES 120"
-1.11759,38.05413,"max @120","ES Radar Fixe ES 120"
-1.2396,38.1121,"max @120","ES Radar Fixe ES 120"
-1.31375,38.1762,"max @120","ES Radar Fixe ES 120"
-6.61701,38.84758,"max @120","ES Radar Fixe ES 120"
-3.66741,40.29773,"max @120","ES Radar Fixe ES 120"
-2.89359,42.85203,"max @120","ES Radar Fixe ES 120"
-2.87267,42.99018,"max @120","ES Radar Fixe ES 120"
-3.4757,39.91008,"max @120","ES Radar Fixe ES 120"
-3.54321,40.34588,"max @120","ES Radar Fixe ES 120"
-0.44932,42.1115,"max @120","ES Radar Fixe ES 120"
-3.77008,40.30001,"max @120","ES Radar Fixe ES 120"
-4.60099,40.94897,"max @120","ES Radar Fixe ES 120"
-0.58838,38.30613,"max @120","ES Radar Fixe ES 120"
-5.5074,41.91283,"max @120","ES Radar Fixe ES 120"
-4.96386,41.4106,"max @120","ES Radar Fixe ES 120"
-8.14301,42.30276,"max @120","ES Radar Fixe ES 120"
-7.87507,42.28733,"max @120","ES Radar Fixe ES 120"
-7.45697,41.91997,"max @120","ES Radar Fixe ES 120"
-3.96462,39.98652,"max @120","ES Radar Fixe ES 120"
-3.96434,39.98652,"max @120","ES Radar Fixe ES 120"
-2.37489,39.66716,"max @120","ES Radar Fixe ES 120"
-2.44896,41.09444,"max @120","ES Radar Fixe ES 120"
-3.7097,41.50251,"max @120","ES Radar Fixe ES 120"
-3.38278,38.96902,"max @120","ES Radar Fixe ES 120"
-3.64521,37.24418,"max @120","ES Radar Fixe ES 120"
0.45777,41.5382,"max @120","ES Radar Fixe ES 120"
-4.29697,40.74398,"max @120","ES Radar Fixe ES 120"
-8.1078,42.30826,"max @120","ES Radar Fixe ES 120"
-4.94711,36.50132,"max @120","ES Radar Fixe ES 120"
-7.05216,42.74369,"max @120","ES Radar Fixe ES 120"
-3.6098,40.33883,"max @120","ES Radar Fixe ES 120"
-2.84723,36.76685,"max @120","ES Radar Fixe ES 120"
-0.91051,40.19312,"max @120","ES Radar Fixe ES 120"
-2.38618,43.25723,"max @120","ES Radar Fixe ES 120"
-2.43611,43.19602,"max @120","ES Radar Fixe ES 120"
-3.9138,40.30383,"max @120","ES Radar Fixe ES 120"
0.79046,41.63669,"max @120","ES Radar Fixe ES 120"
-8.74419,42.68413,"max @120","ES Radar Fixe ES 120"
-8.7156,42.72794,"max @120","ES Radar Fixe ES 120"
-2.87995,42.5699,"max @120","ES Radar Fixe ES 120"
0.49108,40.62691,"max @120","ES Radar Fixe ES 120"
0.49107,40.62726,"max @120","ES Radar Fixe ES 120"
-6.89282,37.30816,"max @120","ES Radar Fixe ES 120"
-6.7482,38.86023,"max @120","ES Radar Fixe ES 120"
-6.57523,37.35235,"max @120","ES Radar Fixe ES 120"
-6.52555,37.35996,"max @120","ES Radar Fixe ES 120"
-5.52435,37.48422,"max @120","ES Radar Fixe ES 120"
-7.71354,43.17475,"max @120","ES Radar Fixe ES 120"
-8.71287,42.50857,"max @120","ES Radar Fixe ES 120"
-7.72045,42.08777,"max @120","ES Radar Fixe ES 120"
-5.57132,39.8721,"max @120","ES Radar Fixe ES 120"
-5.52407,39.8871,"max @120","ES Radar Fixe ES 120"
1.8651,41.72697,"max @120","ES Radar Fixe ES 120"
1.86514,41.726,"max @120","ES Radar Fixe ES 120"
-4.22422,40.12543,"max @120","ES Radar Fixe ES 120"
-2.04992,39.14401,"max @120","ES Radar Fixe ES 120"
-3.03441,40.02251,"max @120","ES Radar Fixe ES 120"
-3.29232,40.17209,"max @120","ES Radar Fixe ES 120"
2.39609,41.56747,"max @120","ES Radar Fixe ES 120"
2.39636,41.5676,"max @120","ES Radar Fixe ES 120"
-2.25263,42.86498,"max @120","ES Radar Fixe ES 120"
-2.25249,42.86519,"max @120","ES Radar Fixe ES 120"
-3.77671,41.96712,"max @120","ES Radar Fixe ES 120"
-16.37389,28.49118,"max @120","ES Radar Fixe ES 120"
-4.80842,41.60586,"max @120","ES Radar Fixe ES 120"
-2.89933,43.17942,"max @120","ES Radar Fixe ES 120"
-6.33802,38.38245,"max @120","ES Radar Fixe ES 120"
-6.36886,38.62702,"max @120","ES Radar Fixe ES 120"
-3.58733,40.57124,"max @120","ES Radar Fixe ES 120"
-8.6134,42.8066,"max @120","ES Radar Fixe ES 120"
-5.69708,42.07345,"max @120","ES Radar Fixe ES 120"
2.14995,41.49485,"max @120","ES Radar Fixe ES 120"
-8.17149,43.2434,"max @120","ES Radar Fixe ES 120"
1.85767,41.5398,"max @120","ES Radar Fixe ES 120"
1.31395,41.65448,"max @120","ES Radar Fixe ES 120"
-5.80133,43.41666,"max @120","ES Radar Fixe ES 120"
-4.00265,39.86779,"max @120","ES Radar Fixe ES 120"
-3.5158,40.32213,"max @120","ES Radar Fixe ES 120"
2.72855,39.53681,"max @120","ES Radar Fixe ES 120"
2.74806,39.63389,"max @120","ES Radar Fixe ES 120"
2.81643,39.66463,"max @120","ES Radar Fixe ES 120"
-0.44383,39.52998,"max @120","ES Radar Fixe ES 120"
-0.49245,39.5577,"max @120","ES Radar Fixe ES 120"
-1.32561,38.87695,"max @120","ES Radar Fixe ES 120"
-3.70646,41.57369,"max @120","ES Radar Fixe ES 120"
-3.93322,43.42665,"max @120","ES Radar Fixe ES 120"
-5.67352,42.58132,"max @120","ES Radar Fixe ES 120"
-3.0423,40.73411,"max @120","ES Radar Fixe ES 120"
-0.12943,39.95165,"max @120","ES Radar Fixe ES 120"
0.21277,40.23391,"max @120","ES Radar Fixe ES 120"
0.29335,40.34868,"max @120","ES Radar Fixe ES 120"
-6.53228,42.57639,"max @120","ES Radar Fixe ES 120"
-5.66373,37.27399,"max @120","ES Radar Fixe ES 120"
-3.89701,40.06579,"max @120","ES Radar Fixe ES 120"
-5.58581,42.43346,"max @120","ES Radar Fixe ES 120"
-5.6208,42.5478,"max @120","ES Radar Fixe ES 120"
-5.6216,42.54815,"max @120","ES Radar Fixe ES 120"
-6.17873,42.55139,"max @120","ES Radar Fixe ES 120"
-6.98907,42.68747,"max @120","ES Radar Fixe ES 120"
-6.21521,42.5797,"max @120","ES Radar Fixe ES 120"
-6.0777,42.44666,"max @120","ES Radar Fixe ES 120"
-8.90193,42.65146,"max @120","ES Radar Fixe ES 120"
-5.61197,41.00293,"max @120","ES Radar Fixe ES 120"
-0.40636,39.37722,"max @120","ES Radar Fixe ES 120"
0.7041,40.8131,"max @120","ES Radar Fixe ES 120"
-0.75587,38.26084,"max @120","ES Radar Fixe ES 120"
-5.40307,37.5096,"max @120","ES Radar Fixe ES 120"
1.16853,41.65744,"max @120","ES Radar Fixe ES 120"
-3.69605,39.58017,"max @120","ES Radar Fixe ES 120"
-0.55252,38.33384,"max @120","ES Radar Fixe ES 120"
-0.57582,38.45942,"max @120","ES Radar Fixe ES 120"
-4.5031,41.99238,"max @120","ES Radar Fixe ES 120"
-6.36805,39.79785,"max @120","ES Radar Fixe ES 120"
-5.79032,43.47777,"max @120","ES Radar Fixe ES 120"
-5.78957,43.48544,"max @120","ES Radar Fixe ES 120"
-5.61467,41.00184,"max @120","ES Radar Fixe ES 120"
-5.41669,41.16443,"max @120","ES Radar Fixe ES 120"
-7.1027,42.05527,"max @120","ES Radar Fixe ES 120"
-6.95676,42.03929,"max @120","ES Radar Fixe ES 120"
-2.20909,39.4219,"max @120","ES Radar Fixe ES 120"
-4.63883,42.34995,"max @120","ES Radar Fixe ES 120"
1.99762,41.42928,"max @120","ES Radar Fixe ES 120"
-3.5824,40.59316,"max @120","ES Radar Fixe ES 120"
-3.65113,41.40268,"max @120","ES Radar Fixe ES 120"
-3.7561,40.46026,"max @120","ES Radar Fixe ES 120"
1.60557,41.21058,"max @120","ES Radar Fixe ES 120"
-3.63977,40.07643,"max @120","ES Radar Fixe ES 120"
2.2643,41.46182,"max @120","ES Radar Fixe ES 120"
-0.47034,39.52509,"max @120","ES Radar Fixe ES 120"
-4.6978,41.71665,"max @120","ES Radar Fixe ES 120"
-0.5962,38.98446,"max @120","ES Radar Fixe ES 120"
0.94603,41.42556,"max @120","ES Radar Fixe ES 120"
-1.36326,41.48975,"max @120","ES Radar Fixe ES 120"
-1.9411,41.30381,"max @120","ES Radar Fixe ES 120"
-1.67324,38.5955,"max @120","ES Radar Fixe ES 120"
-3.64488,40.06862,"max @120","ES Radar Fixe ES 120"
-5.84526,42.02294,"max @120","ES Radar Fixe ES 120"
2.79007,41.91024,"max @120","ES Radar Fixe ES 120"
-3.51061,39.66919,"max @120","ES Radar Fixe ES 120"
-5.0221,41.49706,"max @120","ES Radar Fixe ES 120"
-2.87261,42.99009,"max @120","ES Radar Fixe ES 120"
-4.96397,41.41088,"max @120","ES Radar Fixe ES 120"
-2.44908,41.09441,"max @120","ES Radar Fixe ES 120"
-3.70964,41.5025,"max @120","ES Radar Fixe ES 120"
-4.29701,40.744,"max @120","ES Radar Fixe ES 120"
0.49098,40.62687,"max @120","ES Radar Fixe ES 120"
-16.36292,28.38236,"max @120","ES Radar Fixe ES 120"
-2.68256,42.41854,"max @120","ES Radar Fixe ES 120"
-5.52451,37.48416,"max @120","ES Radar Fixe ES 120"
-0.96516,41.64746,"max @120","ES Radar Fixe ES 120"
-2.19163,42.91604,"max @120","ES Radar Fixe ES 120"
-1.11063,41.57576,"max @120","ES Radar Fixe ES 120"
-4.22413,40.1254,"max @120","ES Radar Fixe ES 120"
-16.37443,28.49107,"max @120","ES Radar Fixe ES 120"
-16.5832,28.05791,"max @120","ES Radar Fixe ES 120"
-4.80854,41.60579,"max @120","ES Radar Fixe ES 120"
-1.33239,40.74684,"max @120","ES Radar Fixe ES 120"
-2.89941,43.1793,"max @120","ES Radar Fixe ES 120"
0.81694,40.90479,"max @120","ES Radar Fixe ES 120"
-0.44384,39.52997,"max @120","ES Radar Fixe ES 120"
-5.66339,37.27387,"max @120","ES Radar Fixe ES 120"
-8.80289,42.43619,"max @120","ES Radar Fixe ES 120"
-5.87413,37.43254,"max @120","ES Radar Fixe ES 120"
-3.69609,39.58022,"max @120","ES Radar Fixe ES 120"
-1.64599,42.03744,"max @120","ES Radar Fixe ES 120"
-7.515572,41.960939,"max @120","ES Radar Fixe ES 120"
-2.394113,43.247554,"max @120","ES Radar Fixe ES 120"
-1.91541,52.63652,"max @120","GB Radar Fixe GB 120"
-2.08929,53.50272,"max @120","GB Radar Fixe GB 120"
-1.46193,53.57412,"max @120","GB Radar Fixe GB 120"
-0.13775,51.32807,"max @120","GB Radar Fixe GB 120"
-0.05217,51.50041,"max @120","GB Radar Fixe GB 120"
0.11332,51.49462,"max @120","GB Radar Fixe GB 120"
5.25288,51.51454,"max @120","NL Radar Fixe NL 120"
5.29787,51.49939,"max @120","NL Radar Fixe NL 120"
5.08711,51.53554,"max @120","NL Radar Fixe NL 120"
4.67476,52.46511,"max @120","NL Radar Fixe NL 120"
4.68039,51.80795,"max @120","NL Radar Fixe NL 120"
4.73915,51.49241,"max @120","NL Radar Fixe NL 120"
5.38883,51.39631,"max @120","NL Radar Fixe NL 120"
5.63575,52.17291,"max @120","NL Radar Fixe NL 120"
4.77791,51.5299,"max @120","NL Radar Fixe NL 120"
5.08303,51.53615,"max @120","NL Radar Fixe NL 120"
5.45068,51.49483,"max @120","NL Radar Fixe NL 120"
5.04006,52.01033,"max @120","NL Radar Fixe NL 120"
5.61192,52.06188,"max @120","NL Radar Fixe NL 120"
5.49808,52.47816,"max @120","NL Radar Fixe NL 120"
5.49983,52.47822,"max @120","NL Radar Fixe NL 120"
4.52536,51.62678,"max @120","NL Radar Fixe NL 120"
4.81991,51.55972,"max @120","NL Radar Fixe NL 120"
4.63434,51.73628,"max @120","NL Radar Fixe NL 120"
4.49298,52.20713,"max @120","NL Radar Fixe NL 120"
5.32155,51.37155,"max @120","NL Radar Fixe NL 120"
5.94983,51.37784,"max @120","NL Radar Fixe NL 120"
5.79356,51.99743,"max @120","NL Radar Fixe NL 120"
5.98317,52.1363,"max @120","NL Radar Fixe NL 120"
5.67172,52.18434,"max @120","NL Radar Fixe NL 120"
6.31579,52.67733,"max @120","NL Radar Fixe NL 120"
6.53216,52.91957,"max @120","NL Radar Fixe NL 120"
6.87452,53.12041,"max @120","NL Radar Fixe NL 120"
-9.168308,38.650678,"max @120","PT Radar Fixe PT 120"
-7.05994,40.60415,"max @120","PT Radar Fixe PT 120"
-7.448,40.25476,"max @120","PT Radar Fixe PT 120"
-7.4588,39.9728,"max @120","PT Radar Fixe PT 120"
-7.45936,39.98313,"max @120","PT Radar Fixe PT 120"
-7.4609,39.9408,"max @120","PT Radar Fixe PT 120"
-7.46578,39.93328,"max @120","PT Radar Fixe PT 120"
-7.48651,40.18985,"max @120","PT Radar Fixe PT 120"
-7.49063,39.87625,"max @120","PT Radar Fixe PT 120"
-7.49109,39.87294,"max @120","PT Radar Fixe PT 120"
-7.56345,39.79124,"max @120","PT Radar Fixe PT 120"
-7.56396,39.79182,"max @120","PT Radar Fixe PT 120"
-7.58336,39.77845,"max @120","PT Radar Fixe PT 120"
-7.58412,39.77677,"max @120","PT Radar Fixe PT 120"
-7.58819,39.77264,"max @120","PT Radar Fixe PT 120"
-7.65975,41.38582,"max @120","PT Radar Fixe PT 120"
-7.69157,41.2814,"max @120","PT Radar Fixe PT 120"
-7.69157,41.28136,"max @120","PT Radar Fixe PT 120"
-7.69197,41.28799,"max @120","PT Radar Fixe PT 120"
-7.71181,41.25802,"max @120","PT Radar Fixe PT 120"
-7.71352,41.256,"max @120","PT Radar Fixe PT 120"
-7.73336,41.23118,"max @120","PT Radar Fixe PT 120"
-8.41445,41.49337,"max @120","PT Radar Fixe PT 120"
-8.46975,41.46859,"max @120","PT Radar Fixe PT 120"
-8.35991,41.45938,"max @120","PT Radar Fixe PT 120"
-8.49018,41.45078,"max @120","PT Radar Fixe PT 120"
-8.48216,41.38863,"max @120","PT Radar Fixe PT 120"
-8.50299,41.38228,"max @120","PT Radar Fixe PT 120"
-7.76343,41.17457,"max @120","PT Radar Fixe PT 120"
-8.53565,40.75455,"max @120","PT Radar Fixe PT 120"
-8.53429,40.75392,"max @120","PT Radar Fixe PT 120"
-8.26869,40.68661,"max @120","PT Radar Fixe PT 120"
-8.52232,40.64378,"max @120","PT Radar Fixe PT 120"
-7.84724,40.63546,"max @120","PT Radar Fixe PT 120"
-8.53351,40.50775,"max @120","PT Radar Fixe PT 120"
-8.53379,40.50761,"max @120","PT Radar Fixe PT 120"
-8.51576,40.44272,"max @120","PT Radar Fixe PT 120"
-8.49336,40.37588,"max @120","PT Radar Fixe PT 120"
-8.49443,40.35328,"max @120","PT Radar Fixe PT 120"
-8.49496,40.34589,"max @120","PT Radar Fixe PT 120"
-8.49315,40.33195,"max @120","PT Radar Fixe PT 120"
-8.49005,40.18675,"max @120","PT Radar Fixe PT 120"
-8.49347,40.1664,"max @120","PT Radar Fixe PT 120"
-8.66873,41.96262,"max @120","PT Radar Fixe PT 120"
-8.59504,41.80762,"max @120","PT Radar Fixe PT 120"
-8.5755,41.78909,"max @120","PT Radar Fixe PT 120"
-8.77424,41.68189,"max @120","PT Radar Fixe PT 120"
-8.54933,41.65528,"max @120","PT Radar Fixe PT 120"
-8.75167,41.52966,"max @120","PT Radar Fixe PT 120"
-8.67,41.38806,"max @120","PT Radar Fixe PT 120"
-8.70095,41.31287,"max @120","PT Radar Fixe PT 120"
-8.57662,40.97959,"max @120","PT Radar Fixe PT 120"
-8.57594,40.97718,"max @120","PT Radar Fixe PT 120"
-8.60436,40.90446,"max @120","PT Radar Fixe PT 120"
-8.53717,40.75665,"max @120","PT Radar Fixe PT 120"
-8.53596,40.75584,"max @120","PT Radar Fixe PT 120"
-8.56119,40.55919,"max @120","PT Radar Fixe PT 120"
-8.65931,40.51481,"max @120","PT Radar Fixe PT 120"
-8.80781,40.21528,"max @120","PT Radar Fixe PT 120"
-8.75933,40.14528,"max @120","PT Radar Fixe PT 120"
-8.5691,40.0481,"max @120","PT Radar Fixe PT 120"
-8.57953,40.0385,"max @120","PT Radar Fixe PT 120"
-8.58057,40.03772,"max @120","PT Radar Fixe PT 120"
-8.7062,39.86345,"max @120","PT Radar Fixe PT 120"
-8.68363,39.67732,"max @120","PT Radar Fixe PT 120"
-8.6839,39.67754,"max @120","PT Radar Fixe PT 120"
-8.686,39.68422,"max @120","PT Radar Fixe PT 120"
-8.6892,39.68867,"max @120","PT Radar Fixe PT 120"
-8.6918,39.69242,"max @120","PT Radar Fixe PT 120"
-8.69274,39.62222,"max @120","PT Radar Fixe PT 120"
-8.6948,39.62395,"max @120","PT Radar Fixe PT 120"
-8.69765,39.62894,"max @120","PT Radar Fixe PT 120"
-8.69828,39.64412,"max @120","PT Radar Fixe PT 120"
-8.70726,39.86113,"max @120","PT Radar Fixe PT 120"
-8.70942,39.71098,"max @120","PT Radar Fixe PT 120"
-8.71925,39.83001,"max @120","PT Radar Fixe PT 120"
-8.72285,39.81263,"max @120","PT Radar Fixe PT 120"
-8.73908,39.7402,"max @120","PT Radar Fixe PT 120"
-8.7455,39.7611,"max @120","PT Radar Fixe PT 120"
-8.86128,39.74055,"max @120","PT Radar Fixe PT 120"
-8.86865,39.74266,"max @120","PT Radar Fixe PT 120"
-8.87196,39.7428,"max @120","PT Radar Fixe PT 120"
-8.91537,39.71309,"max @120","PT Radar Fixe PT 120"
-8.92109,39.7033,"max @120","PT Radar Fixe PT 120"
-8.95702,39.70372,"max @120","PT Radar Fixe PT 120"
-8.13982,39.48525,"max @120","PT Radar Fixe PT 120"
-8.17705,39.49145,"max @120","PT Radar Fixe PT 120"
-8.27372,39.48605,"max @120","PT Radar Fixe PT 120"
-8.43213,39.49,"max @120","PT Radar Fixe PT 120"
-8.63036,39.42577,"max @120","PT Radar Fixe PT 120"
-8.63104,39.44814,"max @120","PT Radar Fixe PT 120"
-8.63118,39.45581,"max @120","PT Radar Fixe PT 120"
-8.6318,39.42091,"max @120","PT Radar Fixe PT 120"
-8.64058,39.35553,"max @120","PT Radar Fixe PT 120"
-8.64262,39.35356,"max @120","PT Radar Fixe PT 120"
-8.66058,39.5012,"max @120","PT Radar Fixe PT 120"
-8.66315,39.53012,"max @120","PT Radar Fixe PT 120"
-8.69666,39.2794,"max @120","PT Radar Fixe PT 120"
-8.78941,39.20486,"max @120","PT Radar Fixe PT 120"
-8.85981,39.1549,"max @120","PT Radar Fixe PT 120"
-8.89087,39.13923,"max @120","PT Radar Fixe PT 120"
-8.89365,39.13623,"max @120","PT Radar Fixe PT 120"
-8.8962,39.13294,"max @120","PT Radar Fixe PT 120"
-8.90637,39.12484,"max @120","PT Radar Fixe PT 120"
-8.90924,39.12175,"max @120","PT Radar Fixe PT 120"
-8.90991,39.1216,"max @120","PT Radar Fixe PT 120"
-9.01321,39.58565,"max @120","PT Radar Fixe PT 120"
-9.01803,39.58304,"max @120","PT Radar Fixe PT 120"
-9.10761,39.47155,"max @120","PT Radar Fixe PT 120"
-9.11705,39.46338,"max @120","PT Radar Fixe PT 120"
-9.11806,39.46083,"max @120","PT Radar Fixe PT 120"
-9.16481,39.25484,"max @120","PT Radar Fixe PT 120"
-9.16636,39.24947,"max @120","PT Radar Fixe PT 120"
-9.17809,39.23295,"max @120","PT Radar Fixe PT 120"
-9.18964,39.20521,"max @120","PT Radar Fixe PT 120"
-9.25334,39.12344,"max @120","PT Radar Fixe PT 120"
-8.93424,39.10455,"max @120","PT Radar Fixe PT 120"
-8.93082,39.09257,"max @120","PT Radar Fixe PT 120"
-8.93319,39.07338,"max @120","PT Radar Fixe PT 120"
-8.94727,39.04798,"max @120","PT Radar Fixe PT 120"
-9.23778,39.0465,"max @120","PT Radar Fixe PT 120"
-8.95432,39.03989,"max @120","PT Radar Fixe PT 120"
-8.96663,39.0106,"max @120","PT Radar Fixe PT 120"
-9.21467,39.00223,"max @120","PT Radar Fixe PT 120"
-8.97683,38.97616,"max @120","PT Radar Fixe PT 120"
-9.0615,38.968,"max @120","PT Radar Fixe PT 120"
-9.28194,38.93527,"max @120","PT Radar Fixe PT 120"
-7.3516,38.84979,"max @120","PT Radar Fixe PT 120"
-8.51322,38.63562,"max @120","PT Radar Fixe PT 120"
-8.63555,38.59875,"max @120","PT Radar Fixe PT 120"
-9.06838,38.87261,"max @120","PT Radar Fixe PT 120"
-9.10394,38.80848,"max @120","PT Radar Fixe PT 120"
-9.10561,38.89997,"max @120","PT Radar Fixe PT 120"
-9.118696,38.614074,"max @120","PT Radar Fixe PT 120"
-9.1851,38.84459,"max @120","PT Radar Fixe PT 120"
-9.18678,38.8418,"max @120","PT Radar Fixe PT 120"
-9.25506,38.77425,"max @120","PT Radar Fixe PT 120"
-9.25831,38.77355,"max @120","PT Radar Fixe PT 120"
-9.2695,38.76663,"max @120","PT Radar Fixe PT 120"
-9.26992,38.76409,"max @120","PT Radar Fixe PT 120"
-9.26998,38.76253,"max @120","PT Radar Fixe PT 120"
-9.27257,38.75123,"max @120","PT Radar Fixe PT 120"
-8.97558,38.58173,"max @120","PT Radar Fixe PT 120"
-8.62083,38.57991,"max @120","PT Radar Fixe PT 120"
-8.50878,38.3022,"max @120","PT Radar Fixe PT 120"
-8.40727,38.11765,"max @120","PT Radar Fixe PT 120"
-8.17636,37.5947,"max @120","PT Radar Fixe PT 120"
-8.18148,37.52796,"max @120","PT Radar Fixe PT 120"
-8.22681,37.44632,"max @120","PT Radar Fixe PT 120"
-8.2576,37.3237,"max @120","PT Radar Fixe PT 120"
-8.24795,37.22905,"max @120","PT Radar Fixe PT 120"
-8.24176,37.21758,"max @120","PT Radar Fixe PT 120"
-7.48671,37.2104,"max @120","PT Radar Fixe PT 120"
-8.20923,37.1549,"max @120","PT Radar Fixe PT 120"
-8.20918,37.15473,"max @120","PT Radar Fixe PT 120"
-8.42306,37.14901,"max @120","PT Radar Fixe PT 120"
-8.7035,37.14874,"max @120","PT Radar Fixe PT 120"
-8.12706,37.14841,"max @120","PT Radar Fixe PT 120"
-8.70466,37.14755,"max @120","PT Radar Fixe PT 120"
-8.11123,37.13701,"max @120","PT Radar Fixe PT 120"
-9.280247,38.715096,"max @120","PT Radar Fixe PT 120"
-9.228092,38.716176,"max @120","PT Radar Fixe PT 120"
-9.263789,38.713806,"max @120","PT Radar Fixe PT 120"
