6.645902,46.639048,"max @70","CH Radar Fixe CH 60"
8.487733,47.394779,"max @70","CH Radar Fixe CH 60"
6.087504,46.219839,"max @70","CH Radar Fixe CH 60"
8.62556,47.69167,"max @70","CH Radar Fixe CH 60"
9.20419,47.63963,"max @70","CH Radar Fixe CH 60"
9.41196,47.52248,"max @70","CH Radar Fixe CH 60"
9.42495,47.51906,"max @70","CH Radar Fixe CH 60"
8.69037,47.51503,"max @70","CH Radar Fixe CH 60"
8.69448,47.51318,"max @70","CH Radar Fixe CH 60"
9.43375,47.51216,"max @70","CH Radar Fixe CH 60"
8.79759,47.49819,"max @70","CH Radar Fixe CH 60"
8.70292,47.48405,"max @70","CH Radar Fixe CH 60"
9.4695,47.47864,"max @70","CH Radar Fixe CH 60"
8.71852,47.41793,"max @70","CH Radar Fixe CH 60"
8.62895,47.41767,"max @70","CH Radar Fixe CH 60"
8.5745,47.41001,"max @70","CH Radar Fixe CH 60"
8.57737,47.40936,"max @70","CH Radar Fixe CH 60"
8.58169,47.40819,"max @70","CH Radar Fixe CH 60"
8.58868,47.40635,"max @70","CH Radar Fixe CH 60"
8.55712,47.40361,"max @70","CH Radar Fixe CH 60"
9.1067,47.2771,"max @70","CH Radar Fixe CH 60"
9.21104,47.24004,"max @70","CH Radar Fixe CH 60"
9.52463,47.18171,"max @70","CH Radar Fixe CH 60"
8.80089,46.16969,"max @70","CH Radar Fixe CH 60"
8.95629,46.01422,"max @70","CH Radar Fixe CH 60"
8.95498,46.01191,"max @70","CH Radar Fixe CH 60"
8.95592,46.0114,"max @70","CH Radar Fixe CH 60"
8.95151,46.01116,"max @70","CH Radar Fixe CH 60"
8.95533,46.01086,"max @70","CH Radar Fixe CH 60"
8.95106,46.01027,"max @70","CH Radar Fixe CH 60"
8.94688,46.00651,"max @70","CH Radar Fixe CH 60"
8.95158,46.00627,"max @70","CH Radar Fixe CH 60"
8.94527,46.00624,"max @70","CH Radar Fixe CH 60"
8.95559,46.00595,"max @70","CH Radar Fixe CH 60"
8.96019,46.00587,"max @70","CH Radar Fixe CH 60"
8.94379,45.99706,"max @70","CH Radar Fixe CH 60"
8.88903,45.98374,"max @70","CH Radar Fixe CH 60"
8.55687,47.40363,"max @70","CH Radar Fixe CH 60"
8.55379,47.41735,"max @70","CH Radar Fixe CH 60"
8.53955,47.45052,"max @70","CH Radar Fixe CH 60"
8.49262,47.39225,"max @70","CH Radar Fixe CH 60"
8.49235,47.39176,"max @70","CH Radar Fixe CH 60"
8.49123,47.3886,"max @70","CH Radar Fixe CH 60"
8.48127,47.41361,"max @70","CH Radar Fixe CH 60"
8.47645,47.39233,"max @70","CH Radar Fixe CH 60"
8.41046,47.19305,"max @70","CH Radar Fixe CH 60"
7.53589,47.21006,"max @70","CH Radar Fixe CH 60"
7.4203,47.39548,"max @70","CH Radar Fixe CH 60"
7.2038,47.11906,"max @70","CH Radar Fixe CH 60"
7.19476,47.11355,"max @70","CH Radar Fixe CH 60"
6.9735,47.07619,"max @70","CH Radar Fixe CH 60"
6.90924,47.02431,"max @70","CH Radar Fixe CH 60"
6.66237,46.51105,"max @70","CH Radar Fixe CH 60"
6.66224,46.52158,"max @70","CH Radar Fixe CH 60"
6.6576,46.51242,"max @70","CH Radar Fixe CH 60"
6.65613,46.51017,"max @70","CH Radar Fixe CH 60"
6.21,46.24092,"max @70","CH Radar Fixe CH 60"
6.19168,46.23359,"max @70","CH Radar Fixe CH 60"
6.18765,46.19034,"max @70","CH Radar Fixe CH 60"
6.18251,46.2244,"max @70","CH Radar Fixe CH 60"
6.18058,46.22153,"max @70","CH Radar Fixe CH 60"
6.15139,46.24451,"max @70","CH Radar Fixe CH 60"
6.11788,46.18523,"max @70","CH Radar Fixe CH 60"
6.1113,46.19864,"max @70","CH Radar Fixe CH 60"
6.11005,46.20536,"max @70","CH Radar Fixe CH 60"
6.09471,46.18072,"max @70","CH Radar Fixe CH 60"
6.06674,46.21671,"max @70","CH Radar Fixe CH 60"
6.06259,46.22458,"max @70","CH Radar Fixe CH 60"
6.04551,46.18571,"max @70","CH Radar Fixe CH 60"
6.652245,46.540407,"max @70","CH Radar Fixe CH 60"
6.087751,46.219897,"max @70","CH Radar Fixe CH 60"
-8.79729,41.70387,"max @70","PT Radar Fixe PT 60"
-7.94458,41.2671,"max @70","PT Radar Fixe PT 60"
-8.60138,40.64206,"max @70","PT Radar Fixe PT 60"
-8.12532,40.38761,"max @70","PT Radar Fixe PT 60"
-8.42934,40.1875,"max @70","PT Radar Fixe PT 60"
-8.43217,40.1844,"max @70","PT Radar Fixe PT 60"
-8.54635,40.05541,"max @70","PT Radar Fixe PT 60"
-8.58913,40.0076,"max @70","PT Radar Fixe PT 60"
-8.59232,40.00232,"max @70","PT Radar Fixe PT 60"
-8.60076,39.99712,"max @70","PT Radar Fixe PT 60"
-8.62858,39.96505,"max @70","PT Radar Fixe PT 60"
-8.64623,39.89813,"max @70","PT Radar Fixe PT 60"
-8.69735,39.86398,"max @70","PT Radar Fixe PT 60"
-8.72218,39.82849,"max @70","PT Radar Fixe PT 60"
-8.72742,39.82104,"max @70","PT Radar Fixe PT 60"
-8.77779,39.76614,"max @70","PT Radar Fixe PT 60"
-8.86445,39.74678,"max @70","PT Radar Fixe PT 60"
-8.78565,39.74483,"max @70","PT Radar Fixe PT 60"
-8.85123,39.6324,"max @70","PT Radar Fixe PT 60"
-8.88372,39.56247,"max @70","PT Radar Fixe PT 60"
-8.9434,39.46512,"max @70","PT Radar Fixe PT 60"
-7.50556,39.43222,"max @70","PT Radar Fixe PT 60"
-8.05535,39.2083,"max @70","PT Radar Fixe PT 60"
-7.4579,39.19867,"max @70","PT Radar Fixe PT 60"
-9.38222,38.9696,"max @70","PT Radar Fixe PT 60"
-9.34992,38.94333,"max @70","PT Radar Fixe PT 60"
-9.34729,38.94113,"max @70","PT Radar Fixe PT 60"
-9.34683,38.9404,"max @70","PT Radar Fixe PT 60"
-9.34287,38.93883,"max @70","PT Radar Fixe PT 60"
-9.34266,38.93787,"max @70","PT Radar Fixe PT 60"
-9.33893,38.93633,"max @70","PT Radar Fixe PT 60"
-7.21666,38.86705,"max @70","PT Radar Fixe PT 60"
-9.17293,38.72596,"max @70","PT Radar Fixe PT 60"
-8.98546,38.71241,"max @70","PT Radar Fixe PT 60"
-9.04728,38.61678,"max @70","PT Radar Fixe PT 60"
-8.59321,37.1617,"max @70","PT Radar Fixe PT 60"
-2.54513,55.49338,"max @70","GB Radar Fixe GB 60"
-2.53093,55.42786,"max @70","GB Radar Fixe GB 60"
-2.51154,55.70977,"max @70","GB Radar Fixe GB 60"
-2.4832,55.70714,"max @70","GB Radar Fixe GB 60"
-2.41874,55.70326,"max @70","GB Radar Fixe GB 60"
-2.32477,55.66782,"max @70","GB Radar Fixe GB 60"
-2.26854,55.64717,"max @70","GB Radar Fixe GB 60"
-2.19699,55.8556,"max @70","GB Radar Fixe GB 60"
-2.16236,55.85224,"max @70","GB Radar Fixe GB 60"
-2.13559,55.84776,"max @70","GB Radar Fixe GB 60"
-2.10375,55.846,"max @70","GB Radar Fixe GB 60"
-2.05489,55.82545,"max @70","GB Radar Fixe GB 60"
-2.04323,55.77102,"max @70","GB Radar Fixe GB 60"
-1.91546,55.67106,"max @70","GB Radar Fixe GB 60"
-1.38031,54.60676,"max @70","GB Radar Fixe GB 60"
-1.37321,54.60349,"max @70","GB Radar Fixe GB 60"
-1.80924,55.08487,"max @70","GB Radar Fixe GB 60"
-1.71298,55.20062,"max @70","GB Radar Fixe GB 60"
-1.59273,55.29548,"max @70","GB Radar Fixe GB 60"
-1.79218,55.56486,"max @70","GB Radar Fixe GB 60"
-1.72036,55.47699,"max @70","GB Radar Fixe GB 60"
-2.55235,56.63828,"max @70","GB Radar Fixe GB 60"
-2.54379,56.64461,"max @70","GB Radar Fixe GB 60"
-2.40232,55.95933,"max @70","GB Radar Fixe GB 60"
-2.35532,55.93095,"max @70","GB Radar Fixe GB 60"
-2.32226,55.88929,"max @70","GB Radar Fixe GB 60"
-2.00627,57.67204,"max @70","GB Radar Fixe GB 60"
-2.00566,57.64029,"max @70","GB Radar Fixe GB 60"
-1.9643,57.61644,"max @70","GB Radar Fixe GB 60"
-1.88936,57.59487,"max @70","GB Radar Fixe GB 60"
-1.85072,57.57303,"max @70","GB Radar Fixe GB 60"
-1.82392,57.53611,"max @70","GB Radar Fixe GB 60"
-0.91791,54.49963,"max @70","GB Radar Fixe GB 60"
1.38,51.33362,"max @70","GB Radar Fixe GB 60"
1.30251,52.49221,"max @70","GB Radar Fixe GB 60"
1.47133,52.53324,"max @70","GB Radar Fixe GB 60"
1.47165,52.53282,"max @70","GB Radar Fixe GB 60"
-3.69646,57.28206,"max @70","GB Radar Fixe GB 60"
-3.6671,57.29042,"max @70","GB Radar Fixe GB 60"
-2.54952,50.79875,"max @70","GB Radar Fixe GB 60"
-2.46647,50.67392,"max @70","GB Radar Fixe GB 60"
-2.08831,50.73737,"max @70","GB Radar Fixe GB 60"
-2.14874,51.10719,"max @70","GB Radar Fixe GB 60"
-2.02301,51.12301,"max @70","GB Radar Fixe GB 60"
-2.66541,52.07541,"max @70","GB Radar Fixe GB 60"
-2.13952,51.43924,"max @70","GB Radar Fixe GB 60"
-1.82231,50.72504,"max @70","GB Radar Fixe GB 60"
-1.14704,51.2891,"max @70","GB Radar Fixe GB 60"
-1.1377,51.28586,"max @70","GB Radar Fixe GB 60"
-1.05807,51.18363,"max @70","GB Radar Fixe GB 60"
-1.6014,51.79409,"max @70","GB Radar Fixe GB 60"
-1.81342,52.20562,"max @70","GB Radar Fixe GB 60"
-1.78459,52.20161,"max @70","GB Radar Fixe GB 60"
-1.66159,52.0559,"max @70","GB Radar Fixe GB 60"
-1.41093,51.79076,"max @70","GB Radar Fixe GB 60"
-1.00472,51.74812,"max @70","GB Radar Fixe GB 60"
-1.31859,51.95242,"max @70","GB Radar Fixe GB 60"
-0.99969,51.86579,"max @70","GB Radar Fixe GB 60"
-2.708,52.28605,"max @70","GB Radar Fixe GB 60"
-2.71121,53.08571,"max @70","GB Radar Fixe GB 60"
-2.65237,52.92826,"max @70","GB Radar Fixe GB 60"
-2.59893,52.90011,"max @70","GB Radar Fixe GB 60"
-2.18516,52.93307,"max @70","GB Radar Fixe GB 60"
-2.18007,52.92943,"max @70","GB Radar Fixe GB 60"
-2.17926,52.92915,"max @70","GB Radar Fixe GB 60"
-2.17452,52.92521,"max @70","GB Radar Fixe GB 60"
-2.13635,52.85101,"max @70","GB Radar Fixe GB 60"
-2.1339,52.85545,"max @70","GB Radar Fixe GB 60"
-2.13152,52.86448,"max @70","GB Radar Fixe GB 60"
-2.28079,53.0884,"max @70","GB Radar Fixe GB 60"
-2.74793,53.32465,"max @70","GB Radar Fixe GB 60"
-2.71008,53.31588,"max @70","GB Radar Fixe GB 60"
-2.70381,53.3368,"max @70","GB Radar Fixe GB 60"
-2.7037,53.32898,"max @70","GB Radar Fixe GB 60"
-2.65959,53.34844,"max @70","GB Radar Fixe GB 60"
-2.42273,53.29529,"max @70","GB Radar Fixe GB 60"
-2.23878,53.27549,"max @70","GB Radar Fixe GB 60"
-2.30707,53.92083,"max @70","GB Radar Fixe GB 60"
-2.30247,53.92133,"max @70","GB Radar Fixe GB 60"
-1.84516,52.29818,"max @70","GB Radar Fixe GB 60"
-1.7463,52.4459,"max @70","GB Radar Fixe GB 60"
-1.73186,52.44398,"max @70","GB Radar Fixe GB 60"
-1.72435,52.44443,"max @70","GB Radar Fixe GB 60"
-1.6922,52.44593,"max @70","GB Radar Fixe GB 60"
-1.66568,52.44414,"max @70","GB Radar Fixe GB 60"
-1.65812,52.44342,"max @70","GB Radar Fixe GB 60"
-1.7697,52.57599,"max @70","GB Radar Fixe GB 60"
-1.7387,52.55357,"max @70","GB Radar Fixe GB 60"
-1.72447,52.57179,"max @70","GB Radar Fixe GB 60"
-1.60308,52.43494,"max @70","GB Radar Fixe GB 60"
-1.59454,52.43213,"max @70","GB Radar Fixe GB 60"
-1.56882,52.41767,"max @70","GB Radar Fixe GB 60"
-1.49093,52.37727,"max @70","GB Radar Fixe GB 60"
-1.47718,52.37859,"max @70","GB Radar Fixe GB 60"
-1.48756,52.55985,"max @70","GB Radar Fixe GB 60"
-1.47537,52.55619,"max @70","GB Radar Fixe GB 60"
-1.16731,52.29407,"max @70","GB Radar Fixe GB 60"
-1.5462,53.33533,"max @70","GB Radar Fixe GB 60"
-1.67603,53.81807,"max @70","GB Radar Fixe GB 60"
-1.66908,53.82347,"max @70","GB Radar Fixe GB 60"
-1.71359,53.99403,"max @70","GB Radar Fixe GB 60"
-1.64879,53.77678,"max @70","GB Radar Fixe GB 60"
-1.63827,53.80377,"max @70","GB Radar Fixe GB 60"
-1.62767,53.80186,"max @70","GB Radar Fixe GB 60"
-1.06047,53.584,"max @70","GB Radar Fixe GB 60"
-1.35822,53.92566,"max @70","GB Radar Fixe GB 60"
-1.3467,53.9238,"max @70","GB Radar Fixe GB 60"
-1.33112,53.92246,"max @70","GB Radar Fixe GB 60"
-0.61305,50.97692,"max @70","GB Radar Fixe GB 60"
-0.69655,51.22673,"max @70","GB Radar Fixe GB 60"
-0.36151,50.95605,"max @70","GB Radar Fixe GB 60"
-0.3589,50.95793,"max @70","GB Radar Fixe GB 60"
-0.34281,50.97898,"max @70","GB Radar Fixe GB 60"
-0.32031,51.1841,"max @70","GB Radar Fixe GB 60"
-0.89915,51.79209,"max @70","GB Radar Fixe GB 60"
-0.90044,52.17392,"max @70","GB Radar Fixe GB 60"
-0.87937,52.09633,"max @70","GB Radar Fixe GB 60"
-0.54938,51.87323,"max @70","GB Radar Fixe GB 60"
-0.54889,51.87364,"max @70","GB Radar Fixe GB 60"
-0.42543,51.49345,"max @70","GB Radar Fixe GB 60"
-0.38574,51.48788,"max @70","GB Radar Fixe GB 60"
-0.36275,51.49158,"max @70","GB Radar Fixe GB 60"
-0.43918,52.0454,"max @70","GB Radar Fixe GB 60"
-0.4346,51.93623,"max @70","GB Radar Fixe GB 60"
-0.48426,52.09862,"max @70","GB Radar Fixe GB 60"
-0.45874,52.08688,"max @70","GB Radar Fixe GB 60"
-0.45759,52.08503,"max @70","GB Radar Fixe GB 60"
-0.45111,52.07387,"max @70","GB Radar Fixe GB 60"
-0.45022,52.07258,"max @70","GB Radar Fixe GB 60"
-0.4414,52.0483,"max @70","GB Radar Fixe GB 60"
-0.44091,52.05364,"max @70","GB Radar Fixe GB 60"
-0.27816,52.10521,"max @70","GB Radar Fixe GB 60"
-0.27716,52.10256,"max @70","GB Radar Fixe GB 60"
-0.11081,52.02672,"max @70","GB Radar Fixe GB 60"
-0.07747,52.03816,"max @70","GB Radar Fixe GB 60"
0.24634,51.3666,"max @70","GB Radar Fixe GB 60"
0.56159,51.36817,"max @70","GB Radar Fixe GB 60"
0.00838,52.08566,"max @70","GB Radar Fixe GB 60"
0.01032,52.15264,"max @70","GB Radar Fixe GB 60"
-0.0313,52.22008,"max @70","GB Radar Fixe GB 60"
0.39193,52.22512,"max @70","GB Radar Fixe GB 60"
-0.89507,52.36661,"max @70","GB Radar Fixe GB 60"
-0.82218,52.2734,"max @70","GB Radar Fixe GB 60"
-0.51759,52.40632,"max @70","GB Radar Fixe GB 60"
-0.69947,52.92588,"max @70","GB Radar Fixe GB 60"
-0.5957,53.05706,"max @70","GB Radar Fixe GB 60"
-0.55039,52.91372,"max @70","GB Radar Fixe GB 60"
-0.53583,52.91808,"max @70","GB Radar Fixe GB 60"
-0.52707,52.91913,"max @70","GB Radar Fixe GB 60"
-0.52634,53.03331,"max @70","GB Radar Fixe GB 60"
-0.51825,53.02862,"max @70","GB Radar Fixe GB 60"
-0.39272,52.52193,"max @70","GB Radar Fixe GB 60"
-0.09583,52.37783,"max @70","GB Radar Fixe GB 60"
-0.35946,52.9155,"max @70","GB Radar Fixe GB 60"
-0.33346,52.91708,"max @70","GB Radar Fixe GB 60"
-0.31796,52.91684,"max @70","GB Radar Fixe GB 60"
-0.29611,52.91144,"max @70","GB Radar Fixe GB 60"
-0.28595,52.91019,"max @70","GB Radar Fixe GB 60"
-0.48848,53.13155,"max @70","GB Radar Fixe GB 60"
-0.48155,53.11867,"max @70","GB Radar Fixe GB 60"
-0.479,53.01791,"max @70","GB Radar Fixe GB 60"
-0.46147,53.06723,"max @70","GB Radar Fixe GB 60"
-0.42886,52.9513,"max @70","GB Radar Fixe GB 60"
-0.09047,52.8816,"max @70","GB Radar Fixe GB 60"
-0.74718,53.25635,"max @70","GB Radar Fixe GB 60"
-0.54652,53.37629,"max @70","GB Radar Fixe GB 60"
-0.54532,53.3592,"max @70","GB Radar Fixe GB 60"
-0.55043,53.43779,"max @70","GB Radar Fixe GB 60"
-0.54987,53.42822,"max @70","GB Radar Fixe GB 60"
-0.62922,53.86433,"max @70","GB Radar Fixe GB 60"
-0.4754,53.29484,"max @70","GB Radar Fixe GB 60"
-0.47313,53.40193,"max @70","GB Radar Fixe GB 60"
-0.46691,53.29706,"max @70","GB Radar Fixe GB 60"
-0.4574,53.40386,"max @70","GB Radar Fixe GB 60"
-0.45473,53.30384,"max @70","GB Radar Fixe GB 60"
-0.0168,52.61648,"max @70","GB Radar Fixe GB 60"
-0.01438,52.34103,"max @70","GB Radar Fixe GB 60"
0.26643,52.69972,"max @70","GB Radar Fixe GB 60"
0.35814,52.4939,"max @70","GB Radar Fixe GB 60"
-0.04167,52.87042,"max @70","GB Radar Fixe GB 60"
0.00953,53.10863,"max @70","GB Radar Fixe GB 60"
0.12482,52.77532,"max @70","GB Radar Fixe GB 60"
0.12569,52.77522,"max @70","GB Radar Fixe GB 60"
0.1443,52.77309,"max @70","GB Radar Fixe GB 60"
0.71207,52.65211,"max @70","GB Radar Fixe GB 60"
-0.02322,53.35289,"max @70","GB Radar Fixe GB 60"
0.10894,53.20164,"max @70","GB Radar Fixe GB 60"
0.1553,53.18492,"max @70","GB Radar Fixe GB 60"
-2.79865,54.7639,"max @70","GB Radar Fixe GB 60"
-2.78105,54.72685,"max @70","GB Radar Fixe GB 60"
-2.77638,54.71379,"max @70","GB Radar Fixe GB 60"
-2.69885,54.67251,"max @70","GB Radar Fixe GB 60"
-2.65526,54.95501,"max @70","GB Radar Fixe GB 60"
-2.41065,54.97009,"max @70","GB Radar Fixe GB 60"
-2.53779,54.98041,"max @70","GB Radar Fixe GB 60"
-2.50771,55.41236,"max @70","GB Radar Fixe GB 60"
-2.49138,55.36878,"max @70","GB Radar Fixe GB 60"
-2.77194,55.74831,"max @70","GB Radar Fixe GB 60"
-2.7643,55.76169,"max @70","GB Radar Fixe GB 60"
-2.7368,55.71317,"max @70","GB Radar Fixe GB 60"
-2.7195,55.71899,"max @70","GB Radar Fixe GB 60"
-2.71112,55.69168,"max @70","GB Radar Fixe GB 60"
-2.69528,55.66882,"max @70","GB Radar Fixe GB 60"
-2.6823,55.63181,"max @70","GB Radar Fixe GB 60"
-2.66658,55.57805,"max @70","GB Radar Fixe GB 60"
-2.64127,55.55908,"max @70","GB Radar Fixe GB 60"
-2.62083,55.71957,"max @70","GB Radar Fixe GB 60"
-2.62078,55.54659,"max @70","GB Radar Fixe GB 60"
-2.60151,55.5323,"max @70","GB Radar Fixe GB 60"
-5.35198,50.20911,"max @70","GB Radar Fixe GB 60"
-5.34245,50.21157,"max @70","GB Radar Fixe GB 60"
-5.2274,50.1304,"max @70","GB Radar Fixe GB 60"
-4.89473,51.80486,"max @70","GB Radar Fixe GB 60"
-4.01314,51.06858,"max @70","GB Radar Fixe GB 60"
-3.81964,51.02734,"max @70","GB Radar Fixe GB 60"
-3.54299,50.93331,"max @70","GB Radar Fixe GB 60"
-2.88867,50.94135,"max @70","GB Radar Fixe GB 60"
-3.66363,51.51083,"max @70","GB Radar Fixe GB 60"
-3.53105,52.45196,"max @70","GB Radar Fixe GB 60"
-3.43226,52.49394,"max @70","GB Radar Fixe GB 60"
-3.31361,52.30688,"max @70","GB Radar Fixe GB 60"
-3.12677,52.66719,"max @70","GB Radar Fixe GB 60"
-2.96774,52.92453,"max @70","GB Radar Fixe GB 60"
-2.96421,53.28466,"max @70","GB Radar Fixe GB 60"
-2.90359,53.73425,"max @70","GB Radar Fixe GB 60"
-4.7055,55.34683,"max @70","GB Radar Fixe GB 60"
-3.1589,54.60806,"max @70","GB Radar Fixe GB 60"
-3.06791,54.83834,"max @70","GB Radar Fixe GB 60"
-3.03815,54.24844,"max @70","GB Radar Fixe GB 60"
-2.98877,54.25494,"max @70","GB Radar Fixe GB 60"
-2.8532,54.83031,"max @70","GB Radar Fixe GB 60"
-2.85102,54.24371,"max @70","GB Radar Fixe GB 60"
-2.84097,54.24817,"max @70","GB Radar Fixe GB 60"
-2.80409,54.77561,"max @70","GB Radar Fixe GB 60"
-2.93623,55.84887,"max @70","GB Radar Fixe GB 60"
-2.87647,55.82559,"max @70","GB Radar Fixe GB 60"
-2.81789,55.78436,"max @70","GB Radar Fixe GB 60"
-4.16818,56.22435,"max @70","GB Radar Fixe GB 60"
-4.04326,56.15738,"max @70","GB Radar Fixe GB 60"
-3.82645,56.75714,"max @70","GB Radar Fixe GB 60"
-3.55672,56.54683,"max @70","GB Radar Fixe GB 60"
-3.51044,56.50299,"max @70","GB Radar Fixe GB 60"
-3.02662,55.88977,"max @70","GB Radar Fixe GB 60"
-2.98747,55.87958,"max @70","GB Radar Fixe GB 60"
16.80628,50.58828,"max @70","PL Radar Fixe PL 60"
20.92247,52.31314,"max @70","PL Radar Fixe PL 60"
21.40613,49.85214,"max @70","PL Radar Fixe PL 60"
15.68256,52.32099,"max @70","PL Radar Fixe PL 60"
17.09853,53.14281,"max @70","PL Radar Fixe PL 60"
16.68407,52.12578,"max @70","PL Radar Fixe PL 60"
16.5885,52.05708,"max @70","PL Radar Fixe PL 60"
21.89802,51.65193,"max @70","PL Radar Fixe PL 60"
16.17601,51.12843,"max @70","PL Radar Fixe PL 60"
17.58112,51.94228,"max @70","PL Radar Fixe PL 60"
17.21676,52.40024,"max @70","PL Radar Fixe PL 60"
17.82134,52.56627,"max @70","PL Radar Fixe PL 60"
20.72152,49.61403,"max @70","PL Radar Fixe PL 60"
16.68604,52.26182,"max @70","PL Radar Fixe PL 60"
17.22515,52.22851,"max @70","PL Radar Fixe PL 60"
17.32083,52.18948,"max @70","PL Radar Fixe PL 60"
17.94216,51.84406,"max @70","PL Radar Fixe PL 60"
13.45886,43.25463,"max @70","IT Radar Fixe IT 60"
13.45769,43.25431,"max @70","IT Radar Fixe IT 60"
13.37725,43.18088,"max @70","IT Radar Fixe IT 60"
12.38931,43.09362,"max @70","IT Radar Fixe IT 60"
12.79816,42.63324,"max @70","IT Radar Fixe IT 60"
12.83044,42.21418,"max @70","IT Radar Fixe IT 60"
13.51868,41.22568,"max @70","IT Radar Fixe IT 60"
15.05727,40.86139,"max @70","IT Radar Fixe IT 60"
17.35044,40.46013,"max @70","IT Radar Fixe IT 60"
14.4926,36.93334,"max @70","IT Radar Fixe IT 60"
14.46194,36.92673,"max @70","IT Radar Fixe IT 60"
12.05438,46.04847,"max @70","IT Radar Fixe IT 60"
10.87539,44.50728,"max @70","IT Radar Fixe IT 60"
12.26194,42.59721,"max @70","IT Radar Fixe IT 60"
12.26181,42.59541,"max @70","IT Radar Fixe IT 60"
8.67791,45.73935,"max @70","IT Radar Fixe IT 60"
12.245,45.51566,"max @70","IT Radar Fixe IT 60"
10.26479,44.61682,"max @70","IT Radar Fixe IT 60"
11.34613,43.96207,"max @70","IT Radar Fixe IT 60"
12.29016,45.72912,"max @70","IT Radar Fixe IT 60"
12.88422,43.92145,"max @70","IT Radar Fixe IT 60"
13.57736,43.23401,"max @70","IT Radar Fixe IT 60"
13.57592,43.23293,"max @70","IT Radar Fixe IT 60"
13.57403,43.23217,"max @70","IT Radar Fixe IT 60"
13.57211,43.23173,"max @70","IT Radar Fixe IT 60"
13.57049,43.23143,"max @70","IT Radar Fixe IT 60"
13.5682,43.23138,"max @70","IT Radar Fixe IT 60"
13.37625,43.17554,"max @70","IT Radar Fixe IT 60"
13.37526,43.17097,"max @70","IT Radar Fixe IT 60"
13.38168,43.13049,"max @70","IT Radar Fixe IT 60"
13.38127,43.12768,"max @70","IT Radar Fixe IT 60"
13.37995,43.12627,"max @70","IT Radar Fixe IT 60"
13.37759,43.12302,"max @70","IT Radar Fixe IT 60"
12.7689,42.59261,"max @70","IT Radar Fixe IT 60"
12.7495,42.58009,"max @70","IT Radar Fixe IT 60"
12.82778,42.21056,"max @70","IT Radar Fixe IT 60"
12.26347,41.76583,"max @70","IT Radar Fixe IT 60"
13.6697,41.5256,"max @70","IT Radar Fixe IT 60"
12.99345,41.46012,"max @70","IT Radar Fixe IT 60"
12.97544,41.44678,"max @70","IT Radar Fixe IT 60"
13.41228,41.27853,"max @70","IT Radar Fixe IT 60"
13.43138,41.26456,"max @70","IT Radar Fixe IT 60"
13.44922,41.25304,"max @70","IT Radar Fixe IT 60"
13.4541,41.2491,"max @70","IT Radar Fixe IT 60"
13.51194,41.22589,"max @70","IT Radar Fixe IT 60"
14.41666,41.07207,"max @70","IT Radar Fixe IT 60"
14.21222,40.83889,"max @70","IT Radar Fixe IT 60"
14.20911,40.83733,"max @70","IT Radar Fixe IT 60"
8.67785,46.02192,"max @70","IT Radar Fixe IT 60"
8.67958,45.73563,"max @70","IT Radar Fixe IT 60"
9.45138,45.08994,"max @70","IT Radar Fixe IT 60"
11.25008,44.71898,"max @70","IT Radar Fixe IT 60"
11.24535,44.7148,"max @70","IT Radar Fixe IT 60"
11.27296,44.60874,"max @70","IT Radar Fixe IT 60"
11.2157,44.6018,"max @70","IT Radar Fixe IT 60"
11.21683,44.60049,"max @70","IT Radar Fixe IT 60"
11.19158,44.57025,"max @70","IT Radar Fixe IT 60"
10.8792,44.51213,"max @70","IT Radar Fixe IT 60"
11.23857,43.98909,"max @70","IT Radar Fixe IT 60"
11.25489,43.98846,"max @70","IT Radar Fixe IT 60"
11.42158,43.94339,"max @70","IT Radar Fixe IT 60"
11.42565,43.94329,"max @70","IT Radar Fixe IT 60"
7.91429,43.84185,"max @70","IT Radar Fixe IT 60"
10.74444,43.79972,"max @70","IT Radar Fixe IT 60"
7.73425,43.7965,"max @70","IT Radar Fixe IT 60"
7.73452,43.79645,"max @70","IT Radar Fixe IT 60"
7.69262,43.79272,"max @70","IT Radar Fixe IT 60"
11.19769,43.79198,"max @70","IT Radar Fixe IT 60"
11.18885,43.78396,"max @70","IT Radar Fixe IT 60"
11.31284,43.74661,"max @70","IT Radar Fixe IT 60"
10.57242,43.68154,"max @70","IT Radar Fixe IT 60"
10.62905,43.57908,"max @70","IT Radar Fixe IT 60"
11.20849,43.57708,"max @70","IT Radar Fixe IT 60"
10.88897,43.57691,"max @70","IT Radar Fixe IT 60"
10.90054,43.56209,"max @70","IT Radar Fixe IT 60"
11.80298,43.44963,"max @70","IT Radar Fixe IT 60"
11.26581,43.28463,"max @70","IT Radar Fixe IT 60"
11.76585,43.18516,"max @70","IT Radar Fixe IT 60"
12.25601,41.78941,"max @70","IT Radar Fixe IT 60"
12.82857,42.65944,"max @70","IT Radar Fixe IT 60"
11.33275,44.25297,"max @70","IT Radar Fixe IT 60"
18.56253,59.56003,"max @70","SE Radar Fixe SE 60"
18.10975,59.1605,"max @70","SE Radar Fixe SE 60"
18.06639,59.17253,"max @70","SE Radar Fixe SE 60"
18.06453,59.17264,"max @70","SE Radar Fixe SE 60"
17.53792,59.07358,"max @70","SE Radar Fixe SE 60"
17.50011,59.06131,"max @70","SE Radar Fixe SE 60"
17.44342,59.05303,"max @70","SE Radar Fixe SE 60"
14.22061,58.86206,"max @70","SE Radar Fixe SE 60"
14.21547,58.85978,"max @70","SE Radar Fixe SE 60"
13.96914,55.92869,"max @70","SE Radar Fixe SE 60"
13.96828,55.92886,"max @70","SE Radar Fixe SE 60"
13.95717,57.86767,"max @70","SE Radar Fixe SE 60"
13.95669,57.86786,"max @70","SE Radar Fixe SE 60"
13.93267,58.43711,"max @70","SE Radar Fixe SE 60"
13.92894,58.43522,"max @70","SE Radar Fixe SE 60"
13.90464,55.94094,"max @70","SE Radar Fixe SE 60"
13.89975,55.94319,"max @70","SE Radar Fixe SE 60"
13.31206,58.505,"max @70","SE Radar Fixe SE 60"
13.31108,58.50414,"max @70","SE Radar Fixe SE 60"
13.29036,57.81328,"max @70","SE Radar Fixe SE 60"
13.28847,57.81369,"max @70","SE Radar Fixe SE 60"
12.60544,57.95256,"max @70","SE Radar Fixe SE 60"
12.60364,57.95225,"max @70","SE Radar Fixe SE 60"
12.24608,57.82742,"max @70","SE Radar Fixe SE 60"
12.24461,57.82714,"max @70","SE Radar Fixe SE 60"
11.69706,58.02375,"max @70","SE Radar Fixe SE 60"
11.69317,58.02239,"max @70","SE Radar Fixe SE 60"
5.76725,51.44048,"max @70","NL Radar Fixe NL 60"
5.76854,51.44096,"max @70","NL Radar Fixe NL 60"
3.61005,51.37962,"max @70","NL Radar Fixe NL 60"
3.48738,51.53803,"max @70","NL Radar Fixe NL 60"
4.42612,51.65093,"max @70","NL Radar Fixe NL 60"
4.43347,51.64806,"max @70","NL Radar Fixe NL 60"
4.434,51.6702,"max @70","NL Radar Fixe NL 60"
4.43455,51.66945,"max @70","NL Radar Fixe NL 60"
3.49385,51.53994,"max @70","NL Radar Fixe NL 60"
3.53211,51.54044,"max @70","NL Radar Fixe NL 60"
3.55909,51.4701,"max @70","NL Radar Fixe NL 60"
5.44485,51.36919,"max @70","NL Radar Fixe NL 60"
4.4463,51.66249,"max @70","NL Radar Fixe NL 60"
4.45781,51.65719,"max @70","NL Radar Fixe NL 60"
4.49206,51.63216,"max @70","NL Radar Fixe NL 60"
4.13067,51.72844,"max @70","NL Radar Fixe NL 60"
4.17305,51.71987,"max @70","NL Radar Fixe NL 60"
4.17333,51.71937,"max @70","NL Radar Fixe NL 60"
4.19689,51.70474,"max @70","NL Radar Fixe NL 60"
4.24626,51.83299,"max @70","NL Radar Fixe NL 60"
4.32139,51.82319,"max @70","NL Radar Fixe NL 60"
4.32972,51.77085,"max @70","NL Radar Fixe NL 60"
4.55252,51.65439,"max @70","NL Radar Fixe NL 60"
4.6194,51.65584,"max @70","NL Radar Fixe NL 60"
4.66292,51.67524,"max @70","NL Radar Fixe NL 60"
4.17741,51.95912,"max @70","NL Radar Fixe NL 60"
4.19448,52.01315,"max @70","NL Radar Fixe NL 60"
4.22064,51.95705,"max @70","NL Radar Fixe NL 60"
4.44208,52.22326,"max @70","NL Radar Fixe NL 60"
4.8063,52.08089,"max @70","NL Radar Fixe NL 60"
4.82207,52.07941,"max @70","NL Radar Fixe NL 60"
4.84747,52.08659,"max @70","NL Radar Fixe NL 60"
4.67487,52.36232,"max @70","NL Radar Fixe NL 60"
4.71095,52.38275,"max @70","NL Radar Fixe NL 60"
4.91465,51.61246,"max @70","NL Radar Fixe NL 60"
5.01334,51.92678,"max @70","NL Radar Fixe NL 60"
5.01776,51.94121,"max @70","NL Radar Fixe NL 60"
5.51894,51.70137,"max @70","NL Radar Fixe NL 60"
5.52457,52.03465,"max @70","NL Radar Fixe NL 60"
4.99664,52.49231,"max @70","NL Radar Fixe NL 60"
5.75037,52.36997,"max @70","NL Radar Fixe NL 60"
6.41245,52.0465,"max @70","NL Radar Fixe NL 60"
6.79927,52.40094,"max @70","NL Radar Fixe NL 60"
6.81715,52.39892,"max @70","NL Radar Fixe NL 60"
5.85089,52.91827,"max @70","NL Radar Fixe NL 60"
6.14657,53.27138,"max @70","NL Radar Fixe NL 60"
6.62244,52.99014,"max @70","NL Radar Fixe NL 60"
6.80034,53.02795,"max @70","NL Radar Fixe NL 60"
6.65332,53.24266,"max @70","NL Radar Fixe NL 60"
6.72609,53.29919,"max @70","NL Radar Fixe NL 60"
7.09993,52.91476,"max @70","NL Radar Fixe NL 60"
12.71683,53.53333,"max @70","DE Radar Fixe DE 60"
9.75133,50.69158,"max @70","DE Radar Fixe DE 60"
7.49181,51.371,"max @70","DE Radar Fixe DE 60"
7.49014,51.37047,"max @70","DE Radar Fixe DE 60"
7.42856,51.38211,"max @70","DE Radar Fixe DE 60"
11.84644,50.87994,"max @70","DE Radar Fixe DE 60"
12.87419,50.85678,"max @70","DE Radar Fixe DE 60"
11.16331,53.90403,"max @70","DE Radar Fixe DE 60"
8.40467,48.96811,"max @70","DE Radar Fixe DE 60"
11.28858,50.71717,"max @70","DE Radar Fixe DE 60"
11.29956,50.71725,"max @70","DE Radar Fixe DE 60"
10.41528,51.92028,"max @70","DE Radar Fixe DE 60"
8.768,48.71083,"max @70","DE Radar Fixe DE 60"
8.40625,48.97794,"max @70","DE Radar Fixe DE 60"
7.69369,52.72519,"max @70","DE Radar Fixe DE 60"
7.69039,52.72494,"max @70","DE Radar Fixe DE 60"
8.45731,50.26578,"max @70","DE Radar Fixe DE 60"
13.57819,52.33067,"max @70","DE Radar Fixe DE 60"
9.10703,48.94017,"max @70","DE Radar Fixe DE 60"
9.10847,48.94322,"max @70","DE Radar Fixe DE 60"
9.1085,48.94322,"max @70","DE Radar Fixe DE 60"
13.70967,53.88797,"max @70","DE Radar Fixe DE 60"
10.00492,51.55533,"max @70","DE Radar Fixe DE 60"
8.21297,50.04144,"max @70","DE Radar Fixe DE 60"
12.99542,50.78011,"max @70","DE Radar Fixe DE 60"
9.30364,48.82119,"max @70","DE Radar Fixe DE 60"
6.96819,50.95844,"max @70","DE Radar Fixe DE 60"
10.01506,48.3075,"max @70","DE Radar Fixe DE 60"
11.53881,53.35433,"max @70","DE Radar Fixe DE 60"
11.39939,53.71761,"max @70","DE Radar Fixe DE 60"
9.8365,50.59242,"max @70","DE Radar Fixe DE 60"
7.38236,51.69831,"max @70","DE Radar Fixe DE 60"
7.05769,51.74389,"max @70","DE Radar Fixe DE 60"
9.79364,50.45469,"max @70","DE Radar Fixe DE 60"
13.70722,52.18328,"max @70","DE Radar Fixe DE 60"
10.18383,52.1065,"max @70","DE Radar Fixe DE 60"
14.14703,51.82253,"max @70","DE Radar Fixe DE 60"
14.35878,51.75822,"max @70","DE Radar Fixe DE 60"
14.47764,52.30069,"max @70","DE Radar Fixe DE 60"
9.80989,50.53844,"max @70","DE Radar Fixe DE 60"
8.85728,50.07586,"max @70","DE Radar Fixe DE 60"
9.80969,50.53856,"max @70","DE Radar Fixe DE 60"
7.26494,51.95211,"max @70","DE Radar Fixe DE 60"
10.5585,51.88819,"max @70","DE Radar Fixe DE 60"
13.87447,52.70231,"max @70","DE Radar Fixe DE 60"
10.35442,52.04608,"max @70","DE Radar Fixe DE 60"
10.35536,52.04564,"max @70","DE Radar Fixe DE 60"
14.51992,52.38069,"max @70","DE Radar Fixe DE 60"
12.71725,52.63244,"max @70","DE Radar Fixe DE 60"
13.59564,54.3695,"max @70","DE Radar Fixe DE 60"
10.37242,51.20858,"max @70","DE Radar Fixe DE 60"
9.76194,50.66122,"max @70","DE Radar Fixe DE 60"
8.77117,53.06167,"max @70","DE Radar Fixe DE 60"
7.53869,51.73975,"max @70","DE Radar Fixe DE 60"
7.53947,51.739,"max @70","DE Radar Fixe DE 60"
10.36583,51.20878,"max @70","DE Radar Fixe DE 60"
10.78858,53.91031,"max @70","DE Radar Fixe DE 60"
9.13861,48.76561,"max @70","DE Radar Fixe DE 60"
7.11006,50.64969,"max @70","DE Radar Fixe DE 60"
9.97722,48.39917,"max @70","DE Radar Fixe DE 60"
9.97825,48.39564,"max @70","DE Radar Fixe DE 60"
9.10914,48.74008,"max @70","DE Radar Fixe DE 60"
7.43058,50.84278,"max @70","DE Radar Fixe DE 60"
7.21556,52.014,"max @70","DE Radar Fixe DE 60"
7.21742,52.01467,"max @70","DE Radar Fixe DE 60"
8.86869,50.01603,"max @70","DE Radar Fixe DE 60"
8.87078,50.01617,"max @70","DE Radar Fixe DE 60"
14.29803,52.19575,"max @70","DE Radar Fixe DE 60"
10.79183,53.91175,"max @70","DE Radar Fixe DE 60"
12.35417,54.25967,"max @70","DE Radar Fixe DE 60"
8.84292,48.72892,"max @70","DE Radar Fixe DE 60"
7.38131,51.69817,"max @70","DE Radar Fixe DE 60"
9.03147,48.41242,"max @70","DE Radar Fixe DE 60"
6.86192,51.49325,"max @70","DE Radar Fixe DE 60"
6.8645,51.49897,"max @70","DE Radar Fixe DE 60"
7.632,51.11658,"max @70","DE Radar Fixe DE 60"
14.53794,51.7255,"max @70","DE Radar Fixe DE 60"
14.67464,51.10386,"max @70","DE Radar Fixe DE 60"
7.43297,51.03358,"max @70","DE Radar Fixe DE 60"
6.99339,51.04469,"max @70","DE Radar Fixe DE 60"
6.99178,51.01614,"max @70","DE Radar Fixe DE 60"
10.05706,48.48175,"max @70","DE Radar Fixe DE 60"
10.06106,48.48219,"max @70","DE Radar Fixe DE 60"
11.38417,53.32669,"max @70","DE Radar Fixe DE 60"
8.45636,49.00194,"max @70","DE Radar Fixe DE 60"
7.70753,51.33964,"max @70","DE Radar Fixe DE 60"
10.02481,53.53031,"max @70","DE Radar Fixe DE 60"
7.51575,51.19758,"max @70","DE Radar Fixe DE 60"
7.54489,51.35333,"max @70","DE Radar Fixe DE 60"
7.08992,51.52133,"max @70","DE Radar Fixe DE 60"
7.09281,51.51672,"max @70","DE Radar Fixe DE 60"
9.60778,50.54031,"max @70","DE Radar Fixe DE 60"
7.81558,47.98381,"max @70","DE Radar Fixe DE 60"
7.81147,48.02558,"max @70","DE Radar Fixe DE 60"
14.52028,52.37978,"max @70","DE Radar Fixe DE 60"
14.44858,52.28153,"max @70","DE Radar Fixe DE 60"
9.57411,50.42544,"max @70","DE Radar Fixe DE 60"
6.99153,51.39892,"max @70","DE Radar Fixe DE 60"
6.75061,51.20033,"max @70","DE Radar Fixe DE 60"
6.50042,50.79525,"max @70","DE Radar Fixe DE 60"
6.50272,50.79239,"max @70","DE Radar Fixe DE 60"
9.05958,48.81992,"max @70","DE Radar Fixe DE 60"
12.99975,50.77756,"max @70","DE Radar Fixe DE 60"
14.15217,51.81972,"max @70","DE Radar Fixe DE 60"
8.14881,50.75919,"max @70","DE Radar Fixe DE 60"
13.01922,52.60797,"max @70","DE Radar Fixe DE 60"
8.61522,53.58225,"max @70","DE Radar Fixe DE 60"
8.86003,50.07422,"max @70","DE Radar Fixe DE 60"
10.62139,51.71383,"max @70","DE Radar Fixe DE 60"
9.10708,48.94011,"max @70","DE Radar Fixe DE 60"
8.58103,51.95603,"max @70","DE Radar Fixe DE 60"
8.46644,51.98081,"max @70","DE Radar Fixe DE 60"
8.50403,51.98033,"max @70","DE Radar Fixe DE 60"
12.68192,50.78972,"max @70","DE Radar Fixe DE 60"
12.68378,50.78769,"max @70","DE Radar Fixe DE 60"
7.24411,50.64642,"max @70","DE Radar Fixe DE 60"
10.53058,51.84286,"max @70","DE Radar Fixe DE 60"
10.10625,48.86389,"max @70","DE Radar Fixe DE 60"
12.563572,47.970059,"max @70","DE Radar Fixe DE 60"
9.203932,48.50953,"max @70","DE Radar Fixe DE 60"
9.173713,48.579711,"max @70","DE Radar Fixe DE 60"
7.943652,49.210695,"max @70","DE Radar Fixe DE 60"
10.020578,53.543985,"max @70","DE Radar Fixe DE 60"
10.026434,53.706739,"max @70","DE Radar Fixe DE 60"
10.026365,53.707118,"max @70","DE Radar Fixe DE 60"
10.026101,53.706863,"max @70","DE Radar Fixe DE 60"
10.02685,53.707002,"max @70","DE Radar Fixe DE 60"
10.004397,53.687412,"max @70","DE Radar Fixe DE 60"
-2.892936,43.286297,"max @70","ES Radar Fixe ES 60"
-5.98678,37.34355,"max @70","ES Radar Fixe ES 60"
-5.98597,37.343,"max @70","ES Radar Fixe ES 60"
-5.99084,37.34704,"max @70","ES Radar Fixe ES 60"
1.2903,38.94037,"max @70","ES Radar Fixe ES 60"
-2.96416,43.26745,"max @70","ES Radar Fixe ES 60"
-2.95328,43.25772,"max @70","ES Radar Fixe ES 60"
2.56252,41.58073,"max @70","ES Radar Fixe ES 60"
-3.30724,36.74629,"max @70","ES Radar Fixe ES 60"
-6.19666,36.63449,"max @70","ES Radar Fixe ES 60"
-5.11904,36.67564,"max @70","ES Radar Fixe ES 60"
1.99792,41.40434,"max @70","ES Radar Fixe ES 60"
-3.97031,37.76739,"max @70","ES Radar Fixe ES 60"
-3.64626,37.15397,"max @70","ES Radar Fixe ES 60"
1.44667,38.95683,"max @70","ES Radar Fixe ES 60"
-5.86919,37.35816,"max @70","ES Radar Fixe ES 60"
1.18083,41.31477,"max @70","ES Radar Fixe ES 60"
0.14238,38.77532,"max @70","ES Radar Fixe ES 60"
-4.52028,37.68212,"max @70","ES Radar Fixe ES 60"
-3.00051,43.33501,"max @70","ES Radar Fixe ES 60"
2.13213,41.37063,"max @70","ES Radar Fixe ES 60"
-2.64465,42.97833,"max @70","ES Radar Fixe ES 60"
-2.96518,43.26841,"max @70","ES Radar Fixe ES 60"
-2.96418,43.26753,"max @70","ES Radar Fixe ES 60"
-2.97265,43.27428,"max @70","ES Radar Fixe ES 60"
-2.95336,43.25784,"max @70","ES Radar Fixe ES 60"
2.17991,41.37795,"max @70","ES Radar Fixe ES 60"
-3.73916,37.24329,"max @70","ES Radar Fixe ES 60"
2.12735,41.38765,"max @70","ES Radar Fixe ES 60"
2.12722,41.38472,"max @70","ES Radar Fixe ES 60"
2.13249,41.37055,"max @70","ES Radar Fixe ES 60"
-7.58453,43.04465,"max @70","ES Radar Fixe ES 60"
-6.19638,36.63397,"max @70","ES Radar Fixe ES 60"
2.16132,41.43983,"max @70","ES Radar Fixe ES 60"
-5.03862,37.00507,"max @70","ES Radar Fixe ES 60"
-4.86252,36.56071,"max @70","ES Radar Fixe ES 60"
2.6331,41.60453,"max @70","ES Radar Fixe ES 60"
-2.26706,42.15061,"max @70","ES Radar Fixe ES 60"
2.17427,41.44437,"max @70","ES Radar Fixe ES 60"
2.17631,41.3724,"max @70","ES Radar Fixe ES 60"
-6.15207,36.52855,"max @70","ES Radar Fixe ES 60"
-3.49703,37.15442,"max @70","ES Radar Fixe ES 60"
-3.88983,38.88262,"max @70","ES Radar Fixe ES 60"
1.78739,41.49196,"max @70","ES Radar Fixe ES 60"
-3.53607,38.34485,"max @70","ES Radar Fixe ES 60"
-3.6462,37.15385,"max @70","ES Radar Fixe ES 60"
-4.42685,37.45684,"max @70","ES Radar Fixe ES 60"
-5.1191,36.67549,"max @70","ES Radar Fixe ES 60"
-5.8691,37.35803,"max @70","ES Radar Fixe ES 60"
-6.24842,36.5055,"max @70","ES Radar Fixe ES 60"
-2.74128,43.08878,"max @70","ES Radar Fixe ES 60"
-5.38438,36.205,"max @70","ES Radar Fixe ES 60"
-2.96041,43.30174,"max @70","ES Radar Fixe ES 60"
-4.14335,36.85031,"max @70","ES Radar Fixe ES 60"
-5.44214,36.12597,"max @70","ES Radar Fixe ES 60"
-5.44123,36.13671,"max @70","ES Radar Fixe ES 60"
-5.44124,36.14022,"max @70","ES Radar Fixe ES 60"
-5.44097,36.14464,"max @70","ES Radar Fixe ES 60"
-2.3713,39.29308,"max @70","ES Radar Fixe ES 60"
-2.37696,39.2954,"max @70","ES Radar Fixe ES 60"
-7.3919,43.67354,"max @70","ES Radar Fixe ES 60"
-5.99562,37.3509,"max @70","ES Radar Fixe ES 60"
-5.98591,37.34294,"max @70","ES Radar Fixe ES 60"
-6.00168,37.35605,"max @70","ES Radar Fixe ES 60"
-5.99675,37.352,"max @70","ES Radar Fixe ES 60"
-5.98684,37.34355,"max @70","ES Radar Fixe ES 60"
-5.99082,37.34703,"max @70","ES Radar Fixe ES 60"
-3.61475,37.80646,"max @70","ES Radar Fixe ES 60"
-16.30728,28.47622,"max @70","ES Radar Fixe ES 60"
-3.60875,37.232,"max @70","ES Radar Fixe ES 60"
0.1424,38.77526,"max @70","ES Radar Fixe ES 60"
-3.8904,40.16704,"max @70","ES Radar Fixe ES 60"
2.18173,41.44632,"max @70","ES Radar Fixe ES 60"
-2.34864,37.35666,"max @70","ES Radar Fixe ES 60"
-1.797231,43.362036,"max @70","ES Radar Fixe ES 60"
-1.801528,43.364141,"max @70","ES Radar Fixe ES 60"
-0.2975574,38.4850076,"max @70","ES Radar Fixe ES 60"
1.5206,42.52537,"max @70","AD Radar Fixe AD 60"
1.55937,42.52188,"max @70","AD Radar Fixe AD 60"
1.5375,42.50712,"max @70","AD Radar Fixe AD 60"
1.48222,42.44664,"max @70","AD Radar Fixe AD 60"
1.69809,42.548,"max @70","AD Radar Fixe AD 60"
1.72991,42.54564,"max @70","AD Radar Fixe AD 60"
1.659478,42.579895,"max @70","AD Radar Fixe AD 60"
1.491969,42.469536,"max @70","AD Radar Fixe AD 60"
4.3399,50.65886,"max @70","BE Radar Fixe BE 60"
4.33405,50.65397,"max @70","BE Radar Fixe BE 60"
4.42208,50.69777,"max @70","BE Radar Fixe BE 60"
