12.457388,45.63709,"max @130","IT Radar Fixe IT 130"
12.20016,45.5883,"max @130","IT Radar Fixe IT 130"
12.19883,45.58754,"max @130","IT Radar Fixe IT 130"
12.14087,45.52834,"max @130","IT Radar Fixe IT 130"
12.13915,45.50469,"max @130","IT Radar Fixe IT 130"
10.61202,44.73292,"max @130","IT Radar Fixe IT 130"
11.43528,44.48044,"max @130","IT Radar Fixe IT 130"
13.37887,46.49871,"max @130","IT Radar Fixe IT 130"
13.26235,46.39574,"max @130","IT Radar Fixe IT 130"
13.19719,46.0708,"max @130","IT Radar Fixe IT 130"
12.32917,45.85239,"max @130","IT Radar Fixe IT 130"
12.3022,45.6813,"max @130","IT Radar Fixe IT 130"
12.19995,45.58815,"max @130","IT Radar Fixe IT 130"
12.19997,45.58797,"max @130","IT Radar Fixe IT 130"
12.27492,45.56774,"max @130","IT Radar Fixe IT 130"
12.1411,45.52921,"max @130","IT Radar Fixe IT 130"
12.13932,45.50516,"max @130","IT Radar Fixe IT 130"
12.82748,43.9042,"max @130","IT Radar Fixe IT 130"
12.13521,42.72294,"max @130","IT Radar Fixe IT 130"
12.19701,42.69866,"max @130","IT Radar Fixe IT 130"
12.21751,42.66662,"max @130","IT Radar Fixe IT 130"
12.2233,42.65509,"max @130","IT Radar Fixe IT 130"
12.49347,42.3072,"max @130","IT Radar Fixe IT 130"
12.58782,42.23816,"max @130","IT Radar Fixe IT 130"
12.6561,42.04389,"max @130","IT Radar Fixe IT 130"
12.11895,41.9633,"max @130","IT Radar Fixe IT 130"
12.2673,41.85109,"max @130","IT Radar Fixe IT 130"
12.6861,41.82796,"max @130","IT Radar Fixe IT 130"
12.70672,41.82794,"max @130","IT Radar Fixe IT 130"
12.82516,41.80059,"max @130","IT Radar Fixe IT 130"
12.83293,41.79654,"max @130","IT Radar Fixe IT 130"
12.9048,41.77032,"max @130","IT Radar Fixe IT 130"
13.01229,41.74871,"max @130","IT Radar Fixe IT 130"
13.0986,41.73025,"max @130","IT Radar Fixe IT 130"
13.21776,41.66622,"max @130","IT Radar Fixe IT 130"
13.21866,41.66599,"max @130","IT Radar Fixe IT 130"
16.83857,41.01725,"max @130","IT Radar Fixe IT 130"
10.61207,44.73306,"max @130","IT Radar Fixe IT 130"
10.82114,44.67562,"max @130","IT Radar Fixe IT 130"
11.18698,44.51253,"max @130","IT Radar Fixe IT 130"
11.25467,44.32257,"max @130","IT Radar Fixe IT 130"
11.19596,44.26084,"max @130","IT Radar Fixe IT 130"
11.19459,44.22286,"max @130","IT Radar Fixe IT 130"
11.20411,44.20474,"max @130","IT Radar Fixe IT 130"
11.21154,44.18024,"max @130","IT Radar Fixe IT 130"
11.2236,44.12953,"max @130","IT Radar Fixe IT 130"
11.23059,44.08047,"max @130","IT Radar Fixe IT 130"
10.92687,43.91298,"max @130","IT Radar Fixe IT 130"
10.82761,43.89879,"max @130","IT Radar Fixe IT 130"
10.99524,43.89508,"max @130","IT Radar Fixe IT 130"
11.18846,43.89466,"max @130","IT Radar Fixe IT 130"
11.1055,43.85521,"max @130","IT Radar Fixe IT 130"
11.17316,43.85218,"max @130","IT Radar Fixe IT 130"
10.53242,43.82796,"max @130","IT Radar Fixe IT 130"
10.67846,43.81796,"max @130","IT Radar Fixe IT 130"
11.33158,43.72977,"max @130","IT Radar Fixe IT 130"
11.40266,43.7,"max @130","IT Radar Fixe IT 130"
11.74305,43.46993,"max @130","IT Radar Fixe IT 130"
10.49266,43.46213,"max @130","IT Radar Fixe IT 130"
10.48971,43.42269,"max @130","IT Radar Fixe IT 130"
11.76286,43.33227,"max @130","IT Radar Fixe IT 130"
11.77534,43.24546,"max @130","IT Radar Fixe IT 130"
11.86544,43.1345,"max @130","IT Radar Fixe IT 130"
12.04729,42.79204,"max @130","IT Radar Fixe IT 130"
11.98524,42.02553,"max @130","IT Radar Fixe IT 130"
12.519343,45.666354,"max @130","IT Radar Fixe IT 130"
12.452114,45.63381,"max @130","IT Radar Fixe IT 130"
12.553144,45.6818,"max @130","IT Radar Fixe IT 130"
9.999091,45.523462,"max @130","IT Radar Fixe IT 130"
13.252539,45.879459,"max @130","IT Radar Fixe IT 130"
13.163066,45.849733,"max @130","IT Radar Fixe IT 130"
13.041202,45.821473,"max @130","IT Radar Fixe IT 130"
12.944941,45.807626,"max @130","IT Radar Fixe IT 130"
12.867118,45.801718,"max @130","IT Radar Fixe IT 130"
12.772179,45.777966,"max @130","IT Radar Fixe IT 130"
12.638089,45.721465,"max @130","IT Radar Fixe IT 130"
12.574731,45.691959,"max @130","IT Radar Fixe IT 130"
12.866984,45.801678,"max @130","IT Radar Fixe IT 130"
8.599664,44.94164,"max @130","IT Radar Fixe IT 130"
8.363699,44.904232,"max @130","IT Radar Fixe IT 130"
8.21797,44.914911,"max @130","IT Radar Fixe IT 130"
7.872581,44.955766,"max @130","IT Radar Fixe IT 130"
7.872581,44.955766,"max @130","IT Radar Fixe IT 130"
12.64204,45.72375,"max @130","IT Radar Fixe IT 130"
1.897,45.335,"max @130","CLERMONT FERRAND vers BORDEAUX A89"
0.483,45.097,"max @130","BORDEAUX vers PERIGUEUX A89"
6.47455,47.40671,"max @130","BESANCON vers MONTBELIARD A36"
0.16232,48.53353,"max @130","Alençon vers Rouen A28"
0.17585,48.56124,"max @130","Rouen vers Alençon A28"
2.85223,49.94314,"max @130","Lille vers Paris A1"
0.5142,49.3905,"max @130","Paris vers Caen A13"
4.73481,44.1952,"max @130","LYON vers ORANGE A7"
1.86836,47.09909,"max @130","Chateauroux vers Vierzon A20"
2.74673,50.72106,"max @130","Lille vers Dunkerque A25"
2.04453,45.43246,"max @130","Tulle vers Clermont A89"
1.47534,46.4287,"max @130","Châteauroux vers Limoges A20"
-0.31764,44.5744,"max @130","Bordeaux vers Toulouse A62"
7.37127,47.97092,"max @130","Colmar vers Mulhouse A35"
7.52692,47.60741,"max @130","Bâle vers Mulhouse A35"
1.63099,43.19748,"max @130","FOIX vers TOULOUSE A66"
5.14823,45.86378,"max @130","LYON vers BOURG EN BRESSE A42"
0.23942,48.05751,"max @130","LE MANS VERS PARIS A11"
0.28586,46.56029,"max @130","PARIS VERS BORDEAUX A10"
-0.46373,48.05173,"max @130","LE MANS VERS RENNES A81"
4.88956,44.01694,"max @130","ORANGE vers SALON DE PROVENCE A7"
1.62776,46.75071,"max @130","toulouse vers paris A20"
1.62297,46.81699,"max @130","PARIS VERS LIMOGES A20"
3.73158,47.73905,"max @130","LYON VERS PARIS A6"
4.29921,43.7884,"max @130","NIMES VERS MONTPELLIER A9"
4.29933,43.7882,"max @130","MONTPELLIER VERS NIMES A9"
4.79397,44.6051,"max @130","VALENCE VERS BOLLENE A7"
3.3588,50.2904,"max @130","VALENCIENNES VERS PARIS A2"
3.40659,50.41986,"max @130","Valenciennes vers Lille A23"
2.74688,50.72103,"max @130","Dunkerque vers Lille A25"
2.51529,48.47857,"max @130","PROVINCE vers PARIS A6"
2.51532,48.47853,"max @130","PARIS vers PROVINCE A6"
1.12069,49.2977,"max @130","PARIS VERS ROUEN A13"
0.97559,43.17349,"max @130","TOULOUSE VERS BAYONNE A64"
0.97521,43.17309,"max @130","BAYONNE VERS TOULOUSE A64"
7.55745,48.49267,"max @130","SELESTAT VERS STRASBOURG A35"
4.79898,44.1232,"max @130","AVIGNON VERS BOLLENE A7"
4.17437,48.656155,"max @130","TROYES vers CHALONS EN CHAMPAGNE A26"
4.4246,49.534,"max @130","RETHEL vers CHARLEVILLE MEZIERES A34"
-0.826199,47.116119,"max @130","ANGERS vers LA ROCHE SUR YON A87"
5.896973,45.616445,"max @130","ANNECY vers CHAMBERY A41"
4.73286,46.0038,"max @130","PARIS vers LYON A6"
5.4204,47.086,"max @130","BOURG EN BRESSE vers DIJON A39"
4.879322,46.465533,"max @130","PARIS vers LYON A6"
2.41556,49.85744,"max @130","ST QUENTIN vers AMIENS A29"
3.89477,48.27307,"max @130","PARIS vers TROYES A5"
5.4011,45.469651,"max @130","GRENOBLE vers LYON A48"
4.16042,48.3647,"max @130","CHALONS EN CHAMPAGNE vers TROYES A26"
5.730125,48.176342,"max @130","NANCY vers DIJON A31"
0.830547,48.192203,"max @130","LE MANS vers PARIS A11"
1.85308,48.26556,"max @130","PARIS vers ORLEANS A10"
1.854396,47.994335,"max @130","PARIS vers ORLEANS A10"
5.491938,45.370988,"max @130","LYON vers GRENOBLE A48"
-0.36723,46.38436,"max @130","NANTES vers NIORT A83"
-1.47264,47.0998,"max @130","NIORT vers NANTES A83"
1.7402,50.86398,"max @130","BOULOGNE SUR MER vers CALAIS A16"
0.88012,44.0559,"max @130","TOULOUSE vers AGEN A62"
4.880352,46.466315,"max @130","LYON vers PARIS A6"
2.16616,47.1883,"max @130","BOURGES vers PARIS A71"
1.85257,48.26519,"max @130","ORLEANS vers PARIS A10"
1.683684,49.984758,"max @130","ROUEN vers ABBEVILLE A28"
1.53901,47.74799,"max @130","ORLEANS vers TOURS A10"
2.80366,46.35551,"max @130","MONTLUCON vers MONTMARAULT A71"
2.274846,47.075636,"max @130","PARIS vers BOURGES A71"
4.3245,48.1701,"max @130","CHAUMONT vers TROYES A5"
0.830108,48.192497,"max @130","PARIS vers LE MANS A11"
6.0632,45.49594,"max @130","ALBERTVILLE vers CHAMBERY A43"
5.19463,47.73548,"max @130","DIJON vers NANCY A31"
5.50822,43.50612,"max @130","NICE vers AIX EN PROVENCE A8"
3.2555,45.49753,"max @130","ISSOIRE vers CLERMONT FERRAND A75"
6.80423,43.5468,"max @130","NICE vers AIX EN PROVENCE A8"
2.2023,49.57449,"max @130","BEAUVAIS vers AMIENS A16"
4.503231,47.302835,"max @130","LYON vers PARIS A6"
4.50281,47.302985,"max @130","PARIS vers LYON A6"
-1.08303,48.9207,"max @130","VILLEDIEU LES POELES ROUFFIGNY vers CAEN A84"
5.180054,47.645962,"max @130","NANCY vers BEAUNE A31"
5.2326,49.091,"max @130","PARIS vers STRASBOURG A4"
1.4865,49.7861,"max @130","FESQUES vers NEUFCHATEL EN BRAY A28"
1.7445,49.78055,"max @130","NEUFCHATEL EN BRAY vers AMIENS A29"
2.3697,43.192543,"max @130","NARBONNE vers TOULOUSE A61"
2.4151,43.1919,"max @130","TOULOUSE vers NARBONNE A61"
3.06719,43.1907,"max @130","MONTPELLIER vers PERPIGNAN A9"
5.38752,45.17387,"max @130","GRENOBLE vers VALENCE A49"
1.5126,45.235,"max @130","UZERCHE vers BRIVE LA GAILLARDE A20"
2.7273,49.541,"max @130","PARIS vers LILLE A1"
2.7273,49.541,"max @130","LILLE vers PARIS A1"
3.6513,43.475,"max @130","BEZIERS vers MONTPELLIER A9"
3.4582,43.389,"max @130","MONTPELLIER vers BEZIERS A9"
-1.083,43.943,"max @130","BAYONNE vers BORDEAUX A63"
-0.81969,44.4124,"max @130","BORDEAUX vers BAYONNE A63"
-0.9731,44.139,"max @130","BAYONNE vers BORDEAUX A63"
3.6938,43.629,"max @130","CLERMONT L HERAULT vers MONTPELLIER A750"
2.7785,43.17,"max @130","Carcassonne vers Narbonne A61"
0.5191,46.824,"max @130","BORDEAUX vers PARIS A10"
2.6418,49.222,"max @130","LILLE vers PARIS A1"
-0.432,44.977,"max @130","ANGOULEME vers BORDEAUX A10"
-0.843,44.593,"max @130","BAYONNE vers BORDEAUX A63"
-0.7043,44.744,"max @130","BORDEAUX vers BAYONNE A63"
3.0409,50.523,"max @130","PARIS vers LILLE A1"
5.707,48.163,"max @130","DIJON vers NANCY A31"
0.318,48.783,"max @130","ROUEN vers ALENCON A28"
-1.2957,48.734,"max @130","CAEN vers RENNES A84"
0.2796,44.266,"max @130","BORDEAUX vers TOULOUSE A62"
1.569,47.767,"max @130","BLOIS vers ORLEANS A10"
0.5987,47.117,"max @130","TOURS vers CHATELLERAULT A10"
2.339,45.527,"max @130","CLERMONT FERRAND vers BORDEAUX A89"
1.5736,45.372,"max @130","TOULOUSE vers PARIS A20"
3.1705,45.175,"max @130","MONTPELLIER vers CLERMONT A75"
4.6167,48.142,"max @130","TROYES vers DIJON A5"
2.0053,48.903,"max @130","PARIS vers PROVINCE A13"
4.8355,46.733,"max @130","PARIS vers LYON A6"
4.8358,46.734,"max @130","LYON vers PARIS A6"
1.7236,50.85,"max @130","CALAIS vers BOULOGNE SUR MER A16"
-0.06767,47.3446,"max @130","ANGERS vers TOURS A85"
5.8603,45.243,"max @130","GRENOBLE vers CHAMBERY A41"
4.604,43.937,"max @130","ORANGE vers NIMES A9"
4.4634,43.736,"max @130","NIMES vers ARLES A54"
7.77558,48.67772,"max @130","STRASBOURG VERS LAUTERBOURG A35"
0.28342,46.55483,"max @130","BORDEAUX VERS PARIS A10"
2.85479,49.95842,"max @130","PARIS VERS LILLE A1"
-0.60107,45.38041,"average @130","PARIS vers BORDEAUX A10"
6.179,46.00394,"average @130","Annecy vers Bonneville A410"
5.35899,45.55432,"average @130","GRENOBLE vers BOURGOIN JALLIEU A48"
6.37457,43.40185,"average @130","NICE vers AIX EN PROVENCE A8"
6.44353,43.41365,"average @130","AIX EN PROVENCE vers NICE A8"
3.16691,50.59951,"average @130","Belgique vers Lille A27"
3.23831,50.60194,"average @130","Lille vers Belgique A27"
1.6163,43.38309,"average @130","FOIX vers TOULOUSE A66"
1.54349,45.40673,"average @130","PARIS vers TOULOUSE A20"
-0.24597,46.36678,"average @130","Paris vers Bordeaux A10"
