5.09251,49.67523,"max @80","DOUBLE SENS RD8043"
-0.52535,46.24247,"max @80","DOUBLE SENS RN248"
-0.66783,46.19021,"max @80","NIORT VERS LA ROCHELLE RN11"
6.30523,47.72129,"max @80","EPINAL VERS BESANCON RN57"
-2.26267,48.10143,"max @80","ST MEEN LE GRAND VERS PLOERMEL RD766"
6.36334,44.52951,"max @80","DOUBLE SENS RN94"
5.86652,43.46718,"max @80","DOUBLE SENS RD560"
6.04887,43.38478,"max @80","DOUBLE SENS RD43"
2.14978,49.48912,"max @80","DOUBLE SENS RD1001"
1.0304,47.784,"max @80","DOUBLE SENS RD917"
2.38441,49.9603,"max @80","DOUBLE SENS RD919"
6.27998,45.7552,"max @80","Albertville vers Annecy RD1508"
6.4749,46.071,"max @80","Bonneville vers Marignier RD19G"
6.1895,45.526,"max @80","DOUBLE SENS RD925"
7.5399,48.387,"max @80","DOUBLE SENS RD5"
7.1083,48.922,"max @80","DOUBLE SENS RD1061"
1.9423,42.455,"max @80","DOUBLE SENS RN20"
3.0212,42.753,"max @80","DOUBLE SENS RD81"
1.9606,42.433,"max @80","DOUBLE SENS RN116"
-0.2657,43.239,"max @80","DOUBLE SENS RD938"
-1.5818,43.36,"max @80","ST PEE SUR NIVELLE vers ST JEAN DE LUZ RD918"
2.6957,45.602,"max @80","TAUVES vers ROCHEFORT MONTAGNE RD922"
5.1962,48.784,"max @80","VERDUN vers BAR LE DUC RD1916 - VOIE SACREE NATIONALE"
5.6475,47.9623,"max @80","DOUBLE SENS RD417"
-1.0612,48.6,"max @80","Mortain vers St-Hilaire du Harcouët RD977"
-0.912927,47.248639,"max @80","BEAUPREAU EN MAUGES vers ANGERS RD762"
-0.402958,47.313826,"max @80","SAULGE L HOPITAL vers BRISSAC QUINCE RD761"
-0.10143,47.5582,"max @80","DOUBLE SENS RD938"
1.9673,48.023,"max @80","DOUBLE SENS RD97"
2.01479,47.743,"max @80","MARCILLY EN VILLETTE vers MENESTREAU EN VILLETTE RD108"
3.91759,45.27165,"max @80","DOUBLE SENS RD9"
2.98771,44.2327,"max @80","MILLAU VERS PONT DE SALARS RD911"
3.7753,45.024,"max @80","LOUDES vers ST CHRISTOPHE SUR DOLAISON RD906"
4.1481,45.334,"max @80","DOUBLE SENS RD46"
3.8397,45.019,"max @80","DOUBLE SENS RD589"
4.0761,46.09,"max @80","DOUBLE SENS RD43"
1.0176,47.718,"max @80","TOURS vers VENDÔME RN10"
1.3053,47.562,"max @80","BLOIS vers TOURS RD751"
-0.74267,44.20029,"max @80","MONT DE MARSAN vers SAUGNACQ ET MURET RD834"
-0.74267,44.20029,"max @80","Saugnacq et Muret vers Mont de Marsan RD834"
-1.7224,48.052,"max @80","DOUBLE SENS RD34"
0.356,43.739,"max @80","Vic Fezensac vers Auch RN124"
0.882,43.457,"max @80","DOUBLE SENS RD632"
1.4967,43.323,"max @80","DOUBLE SENS RD820"
1.2765,43.751,"max @80","DOUBLE SENS RD17"
4.5687,43.958,"max @80","DOUBLE SENS RD6086"
0.5715,49.058,"max @80","DOUBLE SENS RD438"
1.9721,45.97067,"max @80","DOUBLE SENS RD941"
4.2939,47.376,"max @80","SAULIEU VERS PRECY SOUS THIL RD980"
2.7839,47.295,"max @80","DOUBLE SENS RD955"
2.2985,47.079,"max @80","BOURGES vers Ste THORETTE RD23"
2.912,43.948,"max @80","DOUBLE SENS RD999"
2.415,44.29,"max @80","DOUBLE SENS RD911"
2.3853,44.391,"max @80","DOUBLE SENS RD994"
1.1971,42.995,"max @80","DOUBLE SENS RD117"
5.744,44.515,"max @80","Sisteron vers Grenoble RD1075"
3.2954,46.381,"max @80","ST POURCAIN SUR SIOULE vers MOULINS RD2009"
5.00528,45.96461,"max @80","LYON vers BOURG EN BRESSE RD1083"
-61.6273,16.26033,"max @80","DOUBLE SENS RN2"
-61.28947,16.29133,"max @80","ST FRANCOIS vers LE MOULE RN5"
-61.28277,16.25427,"max @80","DOUBLE SENS RD118"
2.5387,43.469,"max @80","LACABAREDE vers ALBINE RD612"
1.9883,43.782,"max @80","GAILLAC vers GRAULHET RD964"
2.0885,43.977,"max @80","CORDES SUR CIEL vers ALBI RD600"
0.062468,47.813242,"max @80","La Flèche vers Le Mans RD323"
-0.2779,47.808,"max @80","DOUBLE SENS RD306"
-0.04168,48.241,"max @80","DOUBLE SENS RD310"
0.578,48.169,"max @80","BONNETABLE vers LA FERTE BERNARD RD7"
5.0365,46.565,"max @80","Louhans vers Cuisery RD971"
4.3956,46.882,"max @80","AUTUN vers LE CREUSOT RD680"
1.85292,44.9023,"max @80","DOUBLE SENS RD803"
5.438,45.359,"max @80","DOUBLE SENS RD1085"
0.4669,44.032,"max @80","DOUBLE SENS RD931"
0.2871,43.425,"max @80","TARBES vers MIELAN RN21"
1.41351,44.48061,"max @80","DOUBLE SENS RD811"
4.0312,43.88,"max @80","DOUBLE SENS RD999"
4.74375,43.9693,"max @80","VILLENEUVE LES AVIGNON vers BAGNOLS SUR CEZE RD6580"
4.2457,43.856,"max @80","DOUBLE SENS RD999"
2.201,44.728,"max @80","DOUBLE SENS RN122"
2.3919,45.296,"max @80","YDES vers MAURIAC RD922"
2.4786,44.842,"max @80","DOUBLE SENS RD920"
2.309,44.881,"max @80","DOUBLE SENS RN122"
3.8856,48.493,"max @80","DOUBLE SENS RD373"
5.0168,46.264,"max @80","DOUBLE SENS RD1079"
5.121,46.363,"max @80","DOUBLE SENS RD975"
4.9601,46.136,"max @80","DOUBLE SENS RD2"
0.0508,43.867,"max @80","EAUZE vers CAZAUBON RN524"
5.59482,46.58415,"max @80","DOUBLE SENS RD52"
-0.7706,48.842,"max @80","DOUBLE SENS RD512"
0.0791,49.257,"max @80","DOUBLE SENS RD675"
2.4201,49.416,"max @80","ST JUST EN CHAUSSEE vers CLERMONT RD916"
-60.94848,14.71525,"max @80","DOUBLE SENS RN1"
6.0469,48.195,"max @80","DOUBLE SENS RD165"
0.95,46.171,"max @80","POITIERS vers LIMOGES RN147"
-1.0972,46.754,"max @80","DOUBLE SENS RD137"
2.25,49.778,"max @80","DOUBLE SENS RD1001"
4.5799,45.668,"max @80","Thurins vers St Martin en Haut RD311"
3.97987,49.23644,"max @80","DOUBLE SENS RD980"
4.1994,49.161,"max @80","CHALONS EN CHAMPAGNE vers REIMS RD944"
2.92671,45.85891,"max @80","DOUBLE SENS RD943"
-1.15125,48.27543,"max @80","VITRE vers FOUGERES RD178"
1.4068,43.767,"max @80","DOUBLE SENS RD4"
1.2779,43.465,"max @80","DOUBLE SENS RD3"
5.03448,47.38541,"max @80","DOUBLE SENS RD903"
5.2791,47.20919,"max @80","Dijon vers Auxonne RD905"
-0.133093,49.256065,"max @80","DOUBLE SENS RD27"
-0.736435,49.020557,"max @80","CAEN vers VIRE RD577"
-0.0487,49.003,"max @80","Falaise vers St Pierre sur Dives RD511"
-1.0358,46.12,"max @80","DOUBLE SENS RD939"
-0.7184,46.145,"max @80","DOUBLE SENS RD911"
-0.9421,45.958,"max @80","DOUBLE SENS RD137"
4.2321,49.6,"max @80","RETHEL vers MARLE RD946"
9.5414,42.314,"max @80","DOUBLE SENS RT10"
9.4809,42.48,"max @80","Venzolasca vers Castellare di Casinca RN198"
9.14978,41.51029,"max @80","DOUBLE SENS RD859"
5.1467,43.757,"max @80","CHEVAL BLANC vers MERINDOL RD973"
3.6247,47.849,"max @80","AUXERRE vers TROYES RN77"
4.9503,44.391,"max @80","DOUBLE SENS RD941"
4.947,44.335,"max @80","VALREAS vers TULETTE RD976"
6.4842,43.207,"max @80","DOUBLE SENS RD98"
6.485,43.448,"max @80","DOUBLE SENS RDN7"
1.5809,44.169,"max @80","DOUBLE SENS RD926"
1.2919,43.803,"max @80","DOUBLE SENS RD49"
-0.2389,46.12,"max @80","ST JEAN D ANGELY vers MELLE RD950"
7.2096,47.629,"max @80","DOUBLE SENS RD419"
0.3585,44.621,"max @80","DOUBLE SENS RD933"
0.8295,44.382,"max @80","DOUBLE SENS RD661"
0.9106,44.47,"max @80","DOUBLE SENS RD911"
-1.4501,48.424,"max @80","DOUBLE SENS RD155"
1.5934,49.214,"max @80","DOUBLE SENS RD181"
-2.4379,48.52,"max @80","LAMBALLE vers PLANCOET RD768"
1.527,45.196,"max @80","DOUBLE SENS RD979"
1.5019,45.463,"max @80","DOUBLE SENS RD902"
2.2977,43.141,"max @80","Carcassonne vers Limoux RD118"
1.8752,43.339,"max @80","CASTELNAUDARY vers TOULOUSE RD6113"
4.246,49.587,"max @80","MARLE vers RETHEL RD946"
3.3249,46.316,"max @80","DOUBLE SENS RD46"
3.5666,46.535,"max @80","DOMPIERRE sur BESBRE vers MOULINS RN79"
3.0291,46.376,"max @80","MOULINS vers MONTMARAULT RN79"
1.600837,49.981921,"max @80","DOUBLE SENS RD936"
1.7503,50.32,"max @80","DOUBLE SENS RD1001"
2.4868,49.897,"max @80","Corbie vers Amiens RD1"
7.43151,48.90594,"max @80","DOUBLE SENS RD 919"
6.0839,48.921,"max @80","DOUBLE SENS RD910"
6.1782,48.531,"max @80","DOUBLE SENS RD913"
-1.2857,49.083,"max @80","DOUBLE SENS RD972"
-1.4615,48.836,"max @80","VILLEDIEU LES POELES vers GRANVILLE RD924"
-0.2927,43.971,"max @80","DOUBLE SENS RD933N"
0.1042,47.232,"max @80","Tours vers Saumur RD952"
0.7673,47.381,"max @80","DOUBLE SENS RD140"
1.4299,48.051,"max @80","DOUBLE SENS RD955"
1.6947,48.494,"max @80","Ablis vers Chartres RD910"
-0.2966,43.81706,"max @80","BORDEAUX VERS PAU RD934"
4.629315,49.862727,"max @80","RENWEZ vers REVIN RD988"
0.9964,43.537,"max @80","DOUBLE SENS RD634"
1.2972,44.707,"max @80","DOUBLE SENS RD673"
-0.5744,48.69,"max @80","DOUBLE SENS RD962"
0.2682,48.745,"max @80","ALENCON vers ROUEN RD438"
-0.2917,48.587,"max @80","DOUBLE SENS RD908"
0.54704,48.4574,"max @80","DOUBLE SENS RD938"
0.6641,48.785,"max @80","DOUBLE SENS RD930"
2.971,49.599,"max @80","DOUBLE SENS RD934"
6.3755,47.142,"max @80","DOUBLE SENS RD461"
2.282,49.198,"max @80","Le Mesnil en Thelle vers Neuilly en Thelle RD929"
6.6489,47.051,"max @80","DOUBLE SENS RD461"
6.3006,46.918,"max @80","Dijon vers Pontarlier RD72"
1.9962,44.646,"max @80","DOUBLE SENS RD840"
1.9639,44.604,"max @80","DOUBLE SENS RD802"
1.0687,44.514,"max @80","DOUBLE SENS RD811"
1.4332,44.427,"max @80","DOUBLE SENS RD820"
0.227,49.181,"max @80","PONT l'EVEQUE vers LISIEUX RD579"
6.9798,47.694,"max @80","BELFORT vers LACHAPELLE SOUS ROUGEMONT RD83"
6.9799,47.694,"max @80","LACHAPELLE SOUS ROUGEMONT vers BELFORT RD83"
4.2819,44.115,"max @80","DOUBLE SENS RD6"
4.4507,43.701,"max @80","DOUBLE SENS RD38"
4.0975,44.047,"max @80","DOUBLE SENS RD6110"
3.6891,43.971,"max @80","LE VIGAN vers NIMES RD999"
4.43746,43.88506,"max @80","POULX vers MARGUERITTES RD135"
4.3361,43.775,"max @80","DOUBLE SENS RD135"
5.1596,45.783,"max @80","DOUBLE SENS RD55"
0.4002,44.838,"max @80","Bordeaux vers Bergerac RD936"
6.0384,44.708,"max @80","Grenoble vers Gap RN85"
0.9199,49.336,"max @80","BOURGTHEROULDE INFREVILLE vers LA BOUILLE RD438"
4.2675,44.397,"max @80","DOUBLE SENS RD111"
-0.17538,48.47255,"max @80","DOUBLE SENS RN12"
-61.28783,16.28605,"max @80","Le Moule vers St François RN5"
-61.57991,16.13101,"max @80","BASSE TERRE vers POINTE A PITRE RN1"
-61.58136,16.13625,"max @80","POINTE A PITRE vers BASSE TERRE RN1"
4.742,44.058,"max @80","ST GENIES DE COMOLAS vers ROQUEMAURE RD980"
4.264,43.983,"max @80","DOUBLE SENS RD982"
4.5005,43.887,"max @80","DOUBLE SENS RD6086"
1.6385,42.917,"max @80","ANDORRE vers TOULOUSE RN20"
0.548,44.129,"max @80","Condom vers Agen RD931"
3.9201,45.142,"max @80","DOUBLE SENS RD103"
0.262,44.434,"max @80","Tonneins vers Marmande RD813"
2.6169,46.588,"max @80","DOUBLE SENS RD2144"
-1.15165,47.00293,"max @80","DOUBLE SENS RD753"
3.42133,46.8444,"max @80","DOUBLE SENS RD981"
6.2728,46.292,"max @80","DOUBLE SENS RD1005"
6.9427,48.38485,"max @80","MOYENMOUTIER VERS SENONES RD424"
6.78719,48.07877,"max @80","GERARDMER VERS LE THOLY RD417"
7.47378,48.24129,"max @80","SELESTAT vers MARCKOLSHEIM RD424"
0.9129,43.61997,"max @80","AUCH VERS TOULOUSE RN124"
55.29785,-21.23267,"max @80","DOUBLE SENS RN1A"
-0.52357,48.27561,"max @80","DOUBLE SENS RD7"
-0.70863,47.78205,"max @80","DOUBLE SENS RN162"
5.86242,49.35298,"max @80","MURVILLE vers MALAVILLERS RD156"
5.31006,46.09901,"max @80","DOUBLE SENS RD1075"
4.87074,46.04892,"max @80","DOUBLE SENS RD936"
4.91503,45.88464,"max @80","DOUBLE SENS RD1083"
5.3046,46.31282,"max @80","BOURG EN BRESSE vers LONS LE SAUNIER RD1083"
5.0802,46.05976,"max @80","DOUBLE SENS RD1083"
2.17063,43.88208,"max @80","DOUBLE SENS RD612"
1.33469,45.12796,"max @80","DOUBLE SENS RD6089"
3.62053,49.54973,"max @80","SOISSONS VERS MARLE RN2"
3.34813,49.46706,"max @80","SOISSONS VERS CHAUNY RD1"
3.18423,45.98455,"max @80","AIGUEPERSE VERS RIOM RD2009"
3.11929,45.78493,"max @80","DOUBLE SENS RD229"
2.98872,48.35658,"max @80","SENS VERS FONTAINEBLEAU RD606"
5.28284,43.40511,"max @80","AIX EN PROVENCE VERS MARTIGUES RD368"
5.49348,43.6549,"max @80","AIX EN PROVENCE VERS PERTUIS RD556"
6.3561,46.32624,"max @80","DOUBLE SENS RD1005"
-0.00997,47.7235,"max @80","Le Mans vers La Flèche RD323"
3.88529,44.80016,"max @80","MENDE vers LE PUY EN VELAY RN88"
0.12979,48.62715,"max @80","Argentan vers Sees RD958"
6.10766,47.68499,"max @80","DOUBLE SENS RD434"
5.74183,47.31614,"max @80","DOUBLE SENS RD67"
6.52219,47.71086,"max @80","DOUBLE SENS RD486"
0.33597,43.74869,"max @80","Auch vers Mont de Marsan RN124"
4.33863,44.52669,"max @80","Aubenas vers Ales RD104"
6.82128,48.56903,"max @80","DOUBLE SENS RD400"
-0.71574,47.43021,"max @80","ANGERS VERS NANTES RD723"
-0.76309,47.493,"max @80","DOUBLE SENS RD963"
-0.76609,47.61429,"max @80","VERN D ANJOU VERS LE LION D ANGERS RD770"
-0.65008,47.28696,"max @80","DOUBLE SENS RD160"
-0.16805,47.41574,"max @80","DOUBLE SENS RD347"
5.7988,44.32319,"max @80","DOUBLE SENS RD1075"
5.9202,44.56196,"max @80","DOUBLE SENS RD994"
-0.0775,47.53486,"max @80","DOUBLE SENS RD766"
3.81161,48.06668,"max @80","Troyes vers Auxerre RN77"
3.59389,47.87781,"max @80","DOUBLE SENS RD84"
0.44463,46.8157,"max @80","DOUBLE SENS RD725"
2.6984,48.7225,"max @80","DOUBLE SENS RD471"
6.35936,46.15916,"max @80","DOUBLE SENS RD907"
1.31281,47.78566,"max @80","DOUBLE SENS RD924"
4.175,46.54457,"max @80","DOUBLE SENS RN70"
7.20721,48.84659,"max @80","DOUBLE SENS RD1061"
7.65004,48.6018,"max @80","Strasbourg vers Ittenheim RN4"
-0.94774,43.54221,"max @80","PAU VERS BAYONNE RD 817"
0.00732,48.79806,"max @80","DOUBLE SENS RD916"
-1.39825,43.61548,"max @80","BORDEAUX VERS BAYONNE RD 810"
-0.7339,48.02367,"max @80","CHATEAU GONTIER vers LAVAL RN162"
3.9876,49.30696,"max @80","Laon vers Reims RD944"
3.84392,49.27827,"max @80","REIMS vers FISMES RN31"
3.08835,43.32264,"max @80","BEZIERS VERS NARBONNE RD11"
1.25909,43.68103,"max @80","DOUBLE SENS RN224"
4.99104,45.04868,"max @80","DOUBLE SENS RD532"
4.90439,44.83237,"max @80","DOUBLE SENS RD111"
4.73459,44.42468,"max @80","DOUBLE SENS RD541"
6.78399,47.32595,"max @80","DOUBLE SENS RD437"
6.44162,46.9789,"max @80","DOUBLE SENS RD437"
6.82142,47.28373,"max @80","MAICHE VERS ST HIPPOLYTE RD437"
0.81882,45.20756,"max @80","DOUBLE SENS RN21"
-3.0797,48.76484,"max @80","DOUBLE SENS RD786"
0.74463,45.91933,"max @80","DOUBLE SENS RD948"
4.76694,48.1988,"max @80","DOUBLE SENS RD396"
3.50458,49.60709,"max @80","St Quentin vers Laon RD1044"
1.19368,45.82071,"max @80","LIMOGES vers AIXE SUR VIENNE RD79"
-1.4472,46.79908,"max @80","DOUBLE SENS RD937"
5.21596,43.86075,"max @80","DOUBLE SENS RD900"
1.02568,43.89726,"max @80","DOUBLE SENS RD928"
1.09206,44.07771,"max @80","DOUBLE SENS RD813"
3.34468,46.48796,"max @80","MONTMARAULT VERS DOMPIERRE SUR BESBRE RN79"
1.1969,43.81315,"max @80","DOUBLE SENS RD3"
1.44075,43.95618,"max @80","Montauban vers Albi RD999"
1.3148,43.99464,"max @80","DOUBLE SENS RD928"
1.92803,43.85732,"max @80","Graulhet vers Gaillac RD964"
1.89653,43.56642,"max @80","CASTRES vers TOULOUSE RN126"
3.28518,46.34618,"max @80","CHATEL DE NEUVRE VERS ST POURCAIN SUR SIOULE RD2009"
2.5085,48.30506,"max @80","DOUBLE SENS RD152"
6.38952,45.76082,"max @80","DOUBLE SENS RD1508"
-0.1134,47.72732,"max @80","SABLE SUR SARTHE vers LA FLECHE RD306"
0.53176,48.07047,"max @80","La ferté Bernard vers le Mans RD323"
2.32082,49.60331,"max @80","Wavignies vers Breteuil RD916"
-2.95799,48.0257,"max @80","Pontivy vers Baud RD768"
-2.81939,47.86337,"max @80","DOUBLE SENS RD767"
-1.71021,49.44407,"max @80","DOUBLE SENS RD902"
3.34482,46.48816,"max @80","DOMPIERRE SUR BESBRE VERS MONTMARAULT RN79"
2.23879,48.2057,"max @80","Pithiviers vers Etampes RD921"
-1.28277,47.11442,"max @80","DOUBLE SENS RD763"
1.95795,47.68875,"max @80","DOUBLE SENS RD2020"
-2.07663,47.46066,"max @80","DOUBLE SENS RD773"
4.07776,45.16322,"max @80","YSSINGEAUX VERS RETOURNAC RD103"
3.36763,46.45838,"max @80","MOULINS VERS VARENNES RN7"
4.89746,45.35155,"max @80","DOUBLE SENS RD51"
1.81975,46.8288,"max @80","DOUBLE SENS RD925"
-1.18254,48.18909,"max @80","Fougères vers Vitré RD178"
-1.00513,44.97506,"max @80","DOUBLE SENS RD6"
0.61058,43.5574,"max @80","Masseube vers Auch RD929"
0.32427,43.91485,"max @80","CONDOM vers EAUZE RD931"
-0.0933,43.6742,"max @80","MARCIAC vers AIRE SUR L ADOUR RD935"
1.64506,49.22091,"max @80","DOUBLE SENS RD6014"
9.25707,41.56735,"max @80","DOUBLE SENS RD859"
-2.95129,48.49982,"max @80","DOUBLE SENS RD7"
-0.6953,45.77501,"max @80","DOUBLE SENS RD137"
0.04335,45.28102,"max @80","Angoulême vers Chalais RD674"
4.88658,49.65627,"max @80","DOUBLE SENS RD977"
4.71814,49.39841,"max @80","DOUBLE SENS RD946"
6.2068,44.05884,"max @80","DOUBLE SENS RN85"
2.86727,46.32208,"max @80","DOUBLE SENS RD2371"
3.47675,46.59105,"max @80","DOUBLE SENS RD779"
4.92693,46.41212,"max @80","Pont de Vaux vers Feillens RD933"
1.58974,43.02396,"max @80","Toulouse vers Foix RD919"
1.77227,42.7512,"max @80","AX LES THERMES VERS FOIX RN20"
2.54018,49.14244,"max @80","DOUBLE SENS RD1017"
3.46008,48.47226,"max @80","DOUBLE SENS RD951"
4.08528,48.2614,"max @80","DOUBLE SENS RD610"
6.56554,48.1522,"max @80","DOUBLE SENS RD11"
1.38434,49.33538,"max @80","DOUBLE SENS RD6014"
3.55176,43.42382,"max @80","Mèze vers Marseillan RD51"
1.3162,49.01197,"max @80","PACY SUR EURE VERS EVREUX RN13"
1.32861,49.0115,"max @80","EVREUX VERS PACY SUR EURE RN13"
1.01145,48.82597,"max @80","DOUBLE SENS RD51"
6.08645,44.64784,"max @80","Gap vers Grenoble RN85"
6.6048,44.66073,"max @80","Briançon vers Gap RN94"
-1.50303,48.83699,"max @80","DOUBLE SENS RD924"
6.73998,43.96279,"max @80","DOUBLE SENS RN202"
1.78849,45.96929,"max @80","DOUBLE SENS RD941"
4.93062,43.84671,"max @80","AVIGNON VERS SALON DE PROVENCE RD7N"
5.63196,43.48924,"max @80","ST MAXIMIN VERS AIX EN PROVENCE RD7N"
4.74275,49.8079,"max @80","Charleville Mézières vers Nouzonville RD1"
-0.70897,48.56347,"max @80","DOUBLE SENS RD976"
0.75889,48.34083,"max @80","DOUBLE SENS RD955"
0.66937,48.68908,"max @80","DOUBLE SENS RD918"
2.75215,49.64888,"max @80","DOUBLE SENS RD1017"
4.97622,44.06161,"max @80","DOUBLE SENS RD31"
5.03972,43.88165,"max @80","DOUBLE SENS RD938"
4.94633,43.88561,"max @80","Avignon vers Apt RD900"
2.9621,48.5815,"max @80","GUIGNES vers PROVINS RD619"
6.77477,47.54967,"max @80","Montbéliard vers Héricourt RD438H"
5.93995,47.70314,"max @80","DOUBLE SENS RN19"
0.64685,47.15862,"max @80","STE MAURE vers TOURS RD910"
0.83942,47.53213,"max @80","Tours vers Paris RD910"
5.77397,45.80659,"max @80","DOUBLE SENS RD992"
2.54859,48.72778,"max @80","BRIE COMTE ROBERT VERS PARIS RN19"
5.10748,46.18532,"max @80","Trevoux vers Bourg en Bresse RD936"
3.66826,46.54063,"max @80","DOUBLE SENS RN79"
3.2702,49.6981,"max @80","Chauny vers St Quentin RD1"
-1.93763,46.87029,"max @80","DOUBLE SENS RD948"
-1.459,46.67067,"max @80","DOUBLE SENS RD160"
9.30059,41.6525,"max @80","DOUBLE SENS RN198"
6.24829,45.76604,"max @80","DOUBLE SENS RD1508"
6.44769,46.0686,"max @80","DOUBLE SENS RD1205"
4.78675,44.94132,"max @80","DOUBLE SENS RD533"
6.25894,46.04633,"max @80","DOUBLE SENS RD1203"
6.30625,45.50398,"max @80","DOUBLE SENS RD1006"
5.71899,45.5056,"max @80","DOUBLE SENS RD1006"
6.14529,45.48539,"max @80","La Rochette vers Chamoux RD925"
-1.35699,43.30845,"max @80","DOUBLE SENS RD918"
6.00711,45.10926,"max @80","LE BOURG D OISANS VERS GRENOBLE RD1091"
5.5816,45.46835,"max @80","DOUBLE SENS RD1075"
0.35346,44.2589,"max @80","DOUBLE SENS RD813"
1.00362,44.49207,"max @80","Cahors vers Fumel RD911"
0.39163,46.4052,"max @80","DOUBLE SENS RD741"
5.87553,47.44134,"max @80","DOUBLE SENS RD474"
1.67137,45.38163,"max @80","DOUBLE SENS RD1120"
2.06929,46.9769,"max @80","DOUBLE SENS RN151"
0.10729,44.34729,"max @80","DOUBLE SENS RD933"
1.59803,46.79135,"max @80","DOUBLE SENS RD925"
-1.36625,47.05021,"max @80","DOUBLE SENS RD137"
-1.47804,47.32609,"max @80","DOUBLE SENS RD178"
-1.30531,48.06064,"max @80","Janzé vers Vitré RD777"
2.05496,47.38948,"max @80","DOUBLE SENS RD2020"
0.29709,44.53994,"max @80","DOUBLE SENS RD933"
3.30513,44.52011,"max @80","DOUBLE SENS RD808"
2.80828,42.65948,"max @80","DOUBLE SENS RD612A"
2.79942,42.51934,"max @80","DOUBLE SENS RD115"
3.52457,45.1723,"max @80","DOUBLE SENS RN102"
0.71594,44.31025,"max @80","VILLENEUVE SUR LOT VERS AGEN RN21"
-2.43818,47.73969,"max @80","DOUBLE SENS RD5"
-3.22242,47.71148,"max @80","DOUBLE SENS RD9"
7.11663,47.7487,"max @80","DOUBLE SENS RD466"
1.41715,44.06671,"max @80","CAUSSADE VERS MONTAUBAN RD820"
1.79932,43.58748,"max @80","DOUBLE SENS RD42"
-0.00655,43.24289,"max @80","DOUBLE SENS RD817"
-0.49054,43.35347,"max @80","PAU VERS BAYONNE RD817"
1.07752,47.32157,"max @80","DOUBLE SENS RD976"
0.73406,44.26005,"max @80","Cahors vers Agen RD656"
2.8831,42.66046,"max @80","PIA vers POLLESTRES RD900"
2.71665,49.87371,"max @80","DOUBLE SENS RD1029"
1.66159,50.25414,"max @80","DOUBLE SENS RD940"
1.53853,49.99945,"max @80","DOUBLE SENS RD1015"
3.75298,49.51764,"max @80","Reims vers Laon RD1044"
1.95733,48.44338,"max @80","DOUBLE SENS RD838"
5.61003,44.85775,"max @80","DOUBLE SENS RD1075"
4.97984,45.50739,"max @80","DOUBLE SENS RD502"
5.23302,45.73738,"max @80","DOUBLE SENS RD517"
-0.80445,43.53962,"max @80","DOUBLE SENS RD947"
-0.8527,43.37367,"max @80","DOUBLE SENS RD936"
2.73776,47.87144,"max @80","MONTARGIS vers NEVERS RD2007"
3.63425,49.31047,"max @80","FISMES VERS BRAINE RN31"
3.87774,49.81874,"max @80","LA CAPELLE VERS LAON RN2"
5.40145,48.03702,"max @80","DOUBLE SENS RD417"
-0.97082,43.67138,"max @80","DOUBLE SENS RD947"
-0.41901,43.85506,"max @80","DOUBLE SENS RD30"
-3.77442,48.61929,"max @80","LANMEUR VERS MORLAIX RD786"
5.83294,43.89695,"max @80","DOUBLE SENS RD13"
6.10951,44.036,"max @80","MALIJAI VERS DIGNE LES BAINS RN85"
0.86886,47.40195,"max @80","BLOIS vers TOURS RD952"
-2.96193,48.02236,"max @80","LORIENT VERS LOUDEAC RD768"
3.3708,49.2148,"max @80","DOUBLE SENS RD1"
2.30028,44.3139,"max @80","DOUBLE SENS RD911"
0.31255,44.15805,"max @80","DOUBLE SENS RD930"
0.52788,44.20592,"max @80","AGEN VERS MONT DE MARSAN RD119"
5.49532,47.1733,"max @80","DOUBLE SENS RD475"
4.37601,49.53424,"max @80","NOVION PORCIEN VERS RETHEL RD985"
4.56063,43.70612,"max @80","ARLES VERS NIMES RD6113"
-60.99508,14.52781,"max @80","DOUBLE SENS RD7"
1.44408,47.64947,"max @80","DOUBLE SENS RD951"
6.51829,48.22701,"max @80","DOUBLE SENS RD46"
2.18313,49.753,"max @80","DOUBLE SENS RD210"
1.28336,44.07468,"max @80","DOUBLE SENS RD927"
-0.09429,46.65385,"max @80","PARTHENAY VERS LA FERRIERE RN149"
5.78429,45.70355,"max @80","YENNE VERS CHAMBERY RD1504"
5.99494,45.46271,"max @80","DOUBLE SENS RD1090"
2.23185,49.2176,"max @80","PARIS VERS BEAUVAIS RD1001"
-0.58857,47.59581,"max @80","DOUBLE SENS RD768"
-0.18349,47.15435,"max @80","DOUBLE SENS RD761"
5.77763,45.12923,"max @80","VIZILLE VERS GRENOBLE RD5"
1.16756,46.97565,"max @80","LE BLANC VERS CHATILLON SUR INDRE RD975"
-1.09983,48.32737,"max @80","DOUBLE SENS RN12"
-0.81875,45.15639,"max @80","DOUBLE SENS RD1215"
1.70422,48.49737,"max @80","CHARTRES vers ABLIS RD910"
6.1887,47.30847,"max @80","BAUME LES DAMES VERS BESANCON RD683"
0.83659,45.10426,"max @80","DOUBLE SENS RD710"
-1.02403,45.69032,"max @80","SAUJON vers ETAULES RD14"
3.02821,44.33669,"max @80","DOUBLE SENS RN88"
4.10435,48.35836,"max @80","CHALONS EN CHAMPAGNE VERS TROYES RD677"
4.36824,48.39674,"max @80","DOUBLE SENS RD960"
4.63058,49.89057,"max @80","REVIN VERS RENWEZ RD988"
3.43531,48.98471,"max @80","DOUBLE SENS RD1"
1.83694,43.87278,"max @80","DOUBLE SENS RD988"
0.71341,47.36419,"max @80","CHINON vers TOURS RD751"
6.31947,47.10791,"max @80","pontarlier vers besancon RN57"
-0.40851,48.58088,"max @80","LA FERTE MACE VERS DOMFRONT RD908"
-61.63555,15.98969,"max @80","POINTE A PITRE VERS BASSE TERRE RN1"
2.3788,48.9866,"max @80","CHANTILLY VERS PARIS RD316"
2.54848,48.72765,"max @80","PARIS VERS BRIE COMTE ROBERT RN19"
4.56157,44.16257,"max @80","DOUBLE SENS RD6"
3.81182,48.06668,"max @80","AUXERRE vers TROYES RN77"
4.0477,44.1821,"max @80","MENDE VERS ALES RN106"
-0.89853,46.48762,"max @80","FONTENAY LE COMTE vers STE HERMINE RD148"
-1.35048,46.69849,"max @80","LA ROCHE SUR YON vers LA FERRIERE RD160"
1.73187,44.2155,"max @80","DOUBLE SENS RD926"
2.22083,43.67891,"max @80","DOUBLE SENS RD612"
1.83712,43.75564,"max @80","DOUBLE SENS RD631"
4.30059,43.74586,"max @80","DOUBLE SENS RD135"
1.8927,48.46081,"max @80","ABLIS VERS ETAMPES RN191"
4.87309,46.68058,"max @80","CHALON SUR SAONE vers TOURNUS RD906"
7.61618,48.96515,"max @80","PHILIPPSBOURG vers NIEDERBRONN LES BAINS RD1062"
7.46588,48.52444,"max @80","MUTZIG VERS MOLSHEIM RD1420"
2.55013,42.65222,"max @80","PRADES VERS PERPIGNAN RN116"
0.46534,46.55887,"max @80","LE BLANC VERS POITIERS RD951"
-0.31953,43.50138,"max @80","DOUBLE SENS RD834"
3.00742,45.70075,"max @80","ROCHEFORT MONTAGNE VERS CLERMONT FERRAND RD2089"
2.22263,50.3919,"max @80","HESDIN VERS ST POL SUR TERNOISE RD939"
0.16915,48.57204,"max @80","DOUBLE SENS RD438"
0.32917,48.69887,"max @80","DOUBLE SENS RD926"
-2.79402,48.01728,"max @80","JOSSELIN VERS PONTIVY RD764"
5.38328,49.1472,"max @80","DOUBLE SENS RD330"
4.8102,48.52049,"max @80","DOUBLE SENS RD384"
5.37085,47.8576,"max @80","DOUBLE SENS RN19"
3.83097,44.71325,"max @80","DOUBLE SENS RN88"
0.34103,44.37736,"max @80","DOUBLE SENS RD911"
2.07925,44.64139,"max @80","DOUBLE SENS RN122"
2.27995,47.89767,"max @80","BELLEGARDE VERS CHATEAUNEUF SUR LOIRE RD2060"
4.53309,45.31555,"max @80","PLANFOY VERS BOURG ARGENTAL RD1082"
-1.74001,47.13053,"max @80","DOUBLE SENS RD751"
4.14381,45.56151,"max @80","DOUBLE SENS RD8"
5.67538,46.86729,"max @80","DOUBLE SENS RD905"
6.0645,46.47403,"max @80","DOUBLE SENS RN5"
1.2565,46.63254,"max @80","CHATEAUROUX VERS POITIERS RD951"
3.70007,43.43785,"max @80","BALARUC LES BAINS VERS SETE RD2"
0.61974,43.7598,"max @80","AUCH VERS AGEN RN21"
4.73763,44.00026,"max @80","DOUBLE SENS RD6580"
4.51865,43.82712,"max @80","NIMES VERS BEAUCAIRE RD999"
0.44208,49.36233,"max @80","BEUZEVILLE vers PONT AUDEMER RD675"
1.11302,48.93221,"max @80","DOUBLE SENS RD51"
0.31618,45.0321,"max @80","DOUBLE SENS RD6089"
-2.56429,48.17581,"max @80","MONTAUBAN VERS CHATEAULIN RN164"
1.83346,45.19871,"max @80","TULLE VERS ARGENTAT RD1120"
0.2701,45.59394,"max @80","DOUBLE SENS RD939"
2.97278,45.13225,"max @80","AURILLAC VERS MOISSAC RN122"
0.88783,48.37594,"max @80","NOGENT LE ROTROU vers MONTLANDON RD923"
2.6538,44.56794,"max @80","DOUBLE SENS RD920"
4.48915,47.14772,"max @80","DOUBLE SENS RD981"
1.89737,43.03485,"max @80","DOUBLE SENS RD625"
3.91794,49.98723,"max @80","DOUBLE SENS RN2"
6.47924,44.3969,"max @80","LE LAUZET UBAYE vers BARCELONNETTE RD900"
3.30191,48.16183,"max @80","PARIS VERS AUXERRE RD606"
2.6541,45.00616,"max @80","DOUBLE SENS RN122"
0.31502,48.81643,"max @80","DOUBLE SENS RD438"
-0.56247,48.80761,"max @80","FLERS VERS CONDE SUR NOIREAU RD962"
4.7897,46.982,"max @80","CHAGNY VERS BEAUNE RD974"
5.77207,49.54847,"max @80","LONGWY VERS LA BELGIQUE RN52"
5.80634,46.37994,"max @80","ST CLAUDE VERS OYONNAX RD436"
3.7072,45.12391,"max @80","DOUBLE SENS RN102"
1.57533,47.14024,"max @80","DOUBLE SENS RD956"
2.01247,46.57687,"max @80","DOUBLE SENS RD943"
1.80215,46.86848,"max @80","BOURGES VERS CHATEAUROUX RN151"
4.95802,44.72395,"max @80","CREST vers LORIOL SUR DROME RD104"
0.89715,45.12524,"max @80","DOUBLE SENS RD6089"
0.71006,45.15894,"max @80","BERGERAC VERS PERIGUEUX RD6021"
0.66946,45.18742,"max @80","PERIGUEUX VERS BORDEAUX RD6089"
0.64958,43.93838,"max @80","AGEN VERS AUCH RN21"
0.4702,43.69223,"max @80","DOUBLE SENS RN124"
-1.43204,46.51872,"max @80","LA ROCHE SUR YON VERS LA TRANCHE SUR MER RD747"
-1.50702,48.89355,"max @80","COUTANCES VERS GRANVILLE RD971"
-1.82768,47.43399,"max @80","DOUBLE SENS RN171"
1.04097,47.74824,"max @80","VENDOME vers TOURS RN10"
3.4947,48.4827,"max @80","TROYES VERS PARIS RD619"
4.61052,48.2674,"max @80","TROYES VERS BAR SUR AUBE RD619"
-1.3551,46.61558,"max @80","DOUBLE SENS RD746"
6.27704,47.5657,"max @80","DOUBLE SENS RD9"
6.40216,47.79568,"max @80","DOUBLE SENS RN57"
6.50886,47.54322,"max @80","DOUBLE SENS RD9"
-2.84404,48.41605,"max @80","QUINTIN VERS ST BRIEUC RD790"
-1.6724,46.47743,"max @80","DOUBLE SENS RD949"
-2.61971,48.16999,"max @80","CHATEAULIN VERS MONTAUBAN RN164"
3.4211,44.52241,"max @80","DOUBLE SENS RD42"
3.78204,44.28001,"max @80","ALES VERS FLORAC RN106"
3.81723,45.20982,"max @80","DOUBLE SENS RD906"
-0.99762,46.90872,"max @80","DOUBLE SENS RD160"
3.8332,45.05797,"max @80","DOUBLE SENS RD590"
3.25591,45.28567,"max @80","DOUBLE SENS RD586"
0.53397,45.93421,"max @80","DOUBLE SENS RD951"
2.86412,48.79432,"max @80","DOUBLE SENS RD231"
-1.77653,46.82356,"max @80","AIZENAY VERS CHALLANS RD948"
0.18193,48.40735,"max @80","DOUBLE SENS RD311"
-0.02991,47.85345,"max @80","DOUBLE SENS RD23"
-0.09736,48.16753,"max @80","DOUBLE SENS RD304"
2.3196,47.20469,"max @80","SALBRIS VERS BOURGES RD944"
6.92786,47.56518,"max @80","DOUBLE SENS RN1019"
2.09555,44.41325,"max @80","DOUBLE SENS RD1"
-1.9746,46.82249,"max @80","ST JEAN DE MONTS VERS CHALLANS RD753"
-3.00531,48.6456,"max @80","DOUBLE SENS RD6"
1.2553,45.8917,"max @80","DOUBLE SENS RN520"
0.73125,49.58333,"max @80","ARELAUNE EN SEINE vers YVETOT RD131"
3.34225,49.9093,"max @80","DOUBLE SENS RD8"
4.73278,45.2875,"max @80","DOUBLE SENS RD820"
4.6846,44.44755,"max @80","DOUBLE SENS RD86"
0.27807,46.66415,"max @80","DOUBLE SENS RD347"
7.07415,43.65824,"max @80","DOUBLE SENS RD2085"
1.83432,42.64977,"max @80","L HOSPITALET PRES L ANDORRE VERS AX LES THERMES RN20"
7.46302,48.861,"max @80","INGWILLER VERS NIEDERSOULTZBACH RD6"
1.79921,43.90955,"max @80","MONTAUBAN VERS ALBI RD999"
1.60429,43.9196,"max @80","ALBI VERS MONTAUBAN RD999"
5.51358,45.31475,"max @80","DOUBLE SENS RD1092"
0.85397,48.74327,"max @80","DOUBLE SENS RD926"
0.95682,47.56673,"max @80","DOUBLE SENS RN10"
0.43557,49.55433,"max @80","ST ROMAIN DE COLBOSC vers BOLBEC RD6015"
5.59726,49.47262,"max @80","DOUBLE SENS RD618"
2.36248,46.7362,"max @80","DOUBLE SENS RD925"
2.50417,48.64528,"max @80","DOUBLE SENS RD33"
2.17306,48.39577,"max @80","DOUBLE SENS RD721"
2.43741,47.79492,"max @80","GIEN VERS CHATEAUNEUF RD952"
1.21133,48.24599,"max @80","DOUBLE SENS RD921"
1.18267,48.47484,"max @80","DOUBLE SENS RD920"
1.33945,48.13255,"max @80","CHARTRES VERS CHATEAUDUN RN10"
1.28404,48.64469,"max @80","DOUBLE SENS RD928"
3.06015,43.12743,"max @80","GRUISSAN VERS NARBONNE RD32"
3.05107,43.1424,"max @80","NARBONNE VERS GRUISSAN RD32"
6.15396,44.57728,"max @80","EMBRUN vers GAP RN94"
6.60141,44.92671,"max @80","DOUBLE SENS RD1091"
4.11865,49.89131,"max @80","DOUBLE SENS RD1043"
3.17413,49.39702,"max @80","DOUBLE SENS RN31"
0.80969,47.29134,"max @80","DOUBLE SENS RD943"
0.80373,48.68224,"max @80","ALENCON VERS VERNEUIL RN12"
1.27169,49.17697,"max @80","LOUVIERS VERS VERNON RD6015"
1.03087,49.06422,"max @80","EVREUX VERS LISIEUX RD613"
1.42984,43.39407,"max @80","TOULOUSE vers FOIX RD820"
-0.86665,44.79393,"max @80","ARES VERS BORDEAUX RD106"
-0.19629,46.9174,"max @80","THOUARS vers PARTHENAY RD 938"
3.69969,48.24254,"max @80","DOUBLE SENS RD660"
4.37898,48.09863,"max @80","DOUBLE SENS RD671"
4.02421,48.24587,"max @80","TROYES VERS AUXERRE RN77"
4.24452,48.1577,"max @80","DOUBLE SENS RD671"
4.00415,48.20367,"max @80","AUXERRE VERS TROYES RN77"
3.85744,48.49175,"max @80","PARIS VERS TROYES RD619"
4.92579,43.78535,"max @80","DOUBLE SENS RD99"
9.48094,42.48027,"max @80","SARI SOLENZARA VERS BASTIA RN198"
0.36219,49.1436,"max @80","LISIEUX vers EVREUX RD613"
-52.3538,4.81139,"max @80","DOUBLE SENS RN2"
0.65914,47.61531,"max @80","BEAUMONT LA RONCE vers CHEMILLE SUR DEME RD29"
0.27859,47.57258,"max @80","DOUBLE SENS RD959"
2.58573,44.95437,"max @80","DOUBLE SENS RN122"
1.8813,45.1388,"max @80","DOUBLE SENS RD1120"
3.7817,47.5714,"max @80","AUXERRE VERS AVALLON RD606"
5.52716,45.54093,"max @80","DOUBLE SENS RD1006"
5.12127,48.74896,"max @80","DOUBLE SENS RD635"
-1.83036,47.00262,"max @80","Bourneuf en Retz vers Touvois RD13"
-1.82915,47.00263,"max @80","Touvois vers Bourgneuf en Retz RD13"
-0.51992,48.67568,"max @80","Flers vers La Ferté Macé RD18"
2.565,49.5622,"max @80","DOUBLE SENS RD938"
0.39583,44.83991,"max @80","Bergerac vers Bordeaux RD936"
0.94784,45.49629,"max @80","Périgueux vers Limoges RN21"
0.12568,44.84815,"max @80","DOUBLE SENS RD936"
1.38985,45.48395,"max @80","DOUBLE SENS RD901"
1.99313,45.36571,"max @80","Tulle vers Ussel RD1089"
1.84875,48.14173,"max @80","DOUBLE SENS RD954"
4.04349,46.53839,"max @80","DOUBLE SENS RD994"
4.66997,46.47188,"max @80","DOUBLE SENS RD981"
5.18964,46.69316,"max @80","DOUBLE SENS RD678"
1.32866,47.6743,"max @80","DOUBLE SENS RD924"
1.48771,47.9063,"max @80","DOUBLE SENS RD357"
1.28148,47.54031,"max @80","TOURS vers BLOIS RD952"
-1.04479,44.5067,"max @80","DOUBLE SENS RD46"
1.95585,46.12779,"max @80","DOUBLE SENS RD942"
-2.52985,48.52779,"max @80","DOUBLE SENS RD791"
2.17039,45.8664,"max @80","DOUBLE SENS RD982"
3.14862,45.76647,"max @80","DOUBLE SENS RD772"
3.955,47.843,"max @80","Tonnerre vers Auxerre RD965"
3.46817,48.20355,"max @80","Troyes vers Sens RD660"
6.51265,48.17329,"max @80","DOUBLE SENS RD11"
6.78879,48.07847,"max @80","Epinal vers Gérardmer RD417"
1.25976,49.38538,"max @80","DOUBLE SENS RD6014"
5.79877,45.69678,"max @80","Chambéry vers Yenne RD1504"
3.34199,45.93792,"max @80","DOUBLE SENS RD1093"
-0.85165,47.99208,"max @80","DOUBLE SENS RD771"
-0.45898,48.12239,"max @80","DOUBLE SENS RD20"
5.06607,48.05591,"max @80","ARC EN BARROIS vers CHAUMONT RN67"
-0.75342,47.16594,"max @80","DOUBLE SENS RD160"
-0.75353,47.37975,"max @80","DOUBLE SENS RD961"
-0.48993,47.53829,"max @80","DOUBLE SENS RD52"
5.04594,45.13142,"max @80","DOUBLE SENS RD538"
4.85231,44.85392,"max @80","VALENCE VERS LORIOL SUR DROME RN7"
4.7306,44.54021,"max @80","DOUBLE SENS RN7"
5.01198,44.74827,"max @80","DOUBLE SENS RD538"
4.26533,45.59861,"max @80","MONTROND LES BAINS VERS ST ETIENNE RD1082"
4.62361,44.57262,"max @80","Aubenas vers le Teil RN102"
-2.10975,47.21964,"max @80","DOUBLE SENS RD5"
7.91868,48.83619,"max @80","DOUBLE SENS RD1063"
7.34722,48.52306,"max @80","DOUBLE SENS RD1420"
1.61793,50.5513,"max @80","DOUBLE SENS RD940"
2.29008,50.29689,"max @80","DOUBLE SENS RD916"
3.51604,50.10953,"max @80","CAMBRAI VERS LE NOUVION EN THIERACHE RD643"
3.52577,44.53152,"max @80","Langogne vers Mende RN88"
0.00077,44.11734,"max @80","DOUBLE SENS RD933"
-3.99682,47.90481,"max @80","DOUBLE SENS RD44"
-4.24803,48.40219,"max @80","Landerneau vers Daoulas RD770"
-3.95988,47.96984,"max @80","DOUBLE SENS RD765"
-4.30372,48.5071,"max @80","DOUBLE SENS RD770"
-61.31013,16.25666,"max @80","ST FRANCOIS vers STE ANNE RN4"
-61.31477,16.25516,"max @80","STE ANNE vers ST FRANCOIS RN4"
6.87814,47.72268,"max @80","DOUBLE SENS RD12"
0.08881,48.37464,"max @80","Le Mans vers Alençon RD338"
-1.75708,49.55164,"max @80","LES PIEUX VERS CHERBOURG OCTEVILLE RD650"
0.02107,48.0218,"max @80","Le Mans vers Laval RD357"
-1.71302,49.57561,"max @80","CHERBOURG OCTEVILLE VERS LES PIEUX RD650"
-1.52376,48.80024,"max @80","DOUBLE SENS RD973"
3.11421,43.28893,"max @80","DOUBLE SENS RD609"
3.342,43.31345,"max @80","Béziers vers Vias RD612"
-0.26936,44.20265,"max @80","DOUBLE SENS RD932"
-0.32996,44.62446,"max @80","DOUBLE SENS RD1113"
4.2716,43.75202,"max @80","Lunel vers Nimes RN113"
-0.64535,49.03569,"max @80","LES MONTS D AUNAY vers VILLERS BOCAGE RD6"
-0.78526,48.78422,"max @80","DOUBLE SENS RD524"
0.36627,43.49366,"max @80","DOUBLE SENS RN21"
2.24323,43.03916,"max @80","QUILLAN vers CARCASSONNE RD118"
2.99999,42.90638,"max @80","DOUBLE SENS RD6009"
0.9855,45.63934,"max @80","DOUBLE SENS RN21"
1.60989,43.19666,"max @80","TOULOUSE VERS FOIX RD820"
0.05697,46.65967,"max @80","Parthenay vers Poitiers RN149"
0.79308,46.34625,"max @80","DOUBLE SENS RN147"
-0.61332,46.66365,"max @80","DOUBLE SENS RD744"
0.6463,46.82493,"max @80","DOUBLE SENS RD725"
-0.35879,46.87371,"max @80","BRESSUIRE vers THOUARS RD938 ter"
-0.19586,47.02644,"max @80","Brion près Thouet vers Thouars RD938"
-0.23804,46.72327,"max @80","PARTHENAY vers THOUARS RD938"
-3.45318,47.7877,"max @80","DOUBLE SENS RD765"
-2.39572,47.55618,"max @80","DOUBLE SENS RD139"
-3.27432,47.77714,"max @80","DOUBLE SENS RD781"
-2.55471,47.69517,"max @80","DOUBLE SENS RD775"
0.45489,44.36388,"max @80","DOUBLE SENS RD666"
3.45368,47.95532,"max @80","AUXERRE VERS PARIS RD606"
3.5036,45.14753,"max @80","DOUBLE SENS RD56"
4.2892,45.17301,"max @80","DOUBLE SENS RD105"
4.23202,45.2534,"max @80","DOUBLE SENS RD44"
1.45739,46.87908,"max @80","DOUBLE SENS RD943"
1.64325,46.9093,"max @80","DOUBLE SENS RD956"
1.87214,46.70937,"max @80","DOUBLE SENS RD943"
3.21818,48.27963,"max @80","SENS VERS PARIS RD606"
1.87875,46.90086,"max @80","DOUBLE SENS RN151"
1.25641,43.54901,"max @80","DOUBLE SENS RD632"
1.85319,43.68225,"max @80","LAVAUR vers CASTRES RD112"
5.05896,47.25638,"max @80","Seurre vers Dijon RD996"
5.11105,47.43732,"max @80","DOUBLE SENS RD974"
-0.31624,45.59269,"max @80","BARBEZIEUX ST HILAIRE VERS COGNAC RD731"
6.12394,45.53357,"max @80","DOUBLE SENS RD1006"
0.2101,45.64306,"max @80","DOUBLE SENS RD1000"
3.95658,48.28642,"max @80","DOUBLE SENS RD660"
4.43995,48.23807,"max @80","DOUBLE SENS RD619"
3.48825,46.18971,"max @80","LAPALISSE VERS CREUZIER LE NEUF RD907"
3.69649,46.24857,"max @80","DOUBLE SENS RD990"
3.46105,46.08308,"max @80","ST YORRE VERS ABREST RD906"
3.35836,46.42979,"max @80","DOUBLE SENS RN7"
0.46961,43.76735,"max @80","DOUBLE SENS RD930"
1.9356,47.86445,"max @80","DOUBLE SENS Av. Gaston Galloux, 20 m du candelabre n° L4688"
2.5809,47.64137,"max @80","Gien vers Argent sur Sauldre RD940"
2.81715,49.75086,"max @80","DOUBLE SENS RD1017"
2.27993,47.89769,"max @80","Orléans vers Montargis RD2060"
2.54485,49.97147,"max @80","DOUBLE SENS RD929"
0.63922,49.09575,"max @80","DOUBLE SENS RD133"
5.86394,44.26022,"max @80","Sisteron vers Grenoble RD4075"
6.47917,43.96057,"max @80","ST ANDRE LES ALPES vers BARREME RN202"
2.11386,49.98705,"max @80","YZEUX VERS FLIXECOURT RD1001"
5.07789,48.10783,"max @80","DOUBLE SENS RD65"
-1.88663,46.92318,"max @80","DOUBLE SENS RD58"
-0.83563,46.4282,"max @80","Vix vers Fontenay le Comte RD938TER"
-1.81691,46.65887,"max @80","DOUBLE SENS RD32"
-1.07412,46.47485,"max @80","DOUBLE SENS RD949"
1.38433,43.91218,"max @80","DOUBLE SENS RD930"
1.20599,43.95458,"max @80","DOUBLE SENS RD928"
1.44148,44.04369,"max @80","DOUBLE SENS RD115"
1.50635,44.13579,"max @80","Montauban vers Caussade RD820"
2.02843,43.4532,"max @80","DOUBLE SENS RD85"
2.19168,43.64046,"max @80","DOUBLE SENS RD83"
2.01156,43.50427,"max @80","DOUBLE SENS RD84"
3.05262,48.77978,"max @80","DOUBLE SENS RD402"
2.75578,48.54866,"max @80","DOUBLE SENS RD408"
2.977,48.9587,"max @80","LA FERTE SOUS JOUARRE VERS MEAUX RD603"
2.32582,44.93748,"max @80","DOUBLE SENS RD120"
5.81146,45.46132,"max @80","DOUBLE SENS RD1006"
6.27494,45.40118,"max @80","DOUBLE SENS RD1006"
2.9311,42.54806,"max @80","DOUBLE SENS RD618"
-0.86515,43.50668,"max @80","DOUBLE SENS RD817"
-0.44131,43.16689,"max @80","OLORON STE MARIE VERS PAU RN134"
-0.4713,43.4238,"max @80","DOUBLE SENS RD945"
3.34662,47.3346,"max @80","DOUBLE SENS RN151"
3.08513,47.20961,"max @80","LA CHARITE SUR LOIRE vers CLAMECY RN151"
3.73151,47.05418,"max @80","DOUBLE SENS RD978"
3.96495,49.07762,"max @80","DOUBLE SENS RD951"
-1.06771,47.39628,"max @80","ANCENIS vers ANGERS RD723"
3.65053,49.31016,"max @80","Soissons vers Reims RN31"
5.75994,47.16203,"max @80","Besançon vers Dole RD673"
5.92218,46.74826,"max @80","DOUBLE SENS RN5"
5.45915,47.07487,"max @80","DOUBLE SENS RD905"
-1.19566,48.02274,"max @80","DOUBLE SENS RD178"
-1.9094,48.08399,"max @80","DOUBLE SENS RD62"
-1.22138,48.34308,"max @80","DOUBLE SENS RN12"
1.35777,43.96876,"max @80","DOUBLE SENS RD21"
5.09261,43.67548,"max @80","SENAS vers SALON DE PROVENCE RD538"
5.92639,45.74995,"max @80","ANNECY VERS AIX LES BAINS RD1201"
4.65024,43.72219,"max @80","DOUBLE SENS RD570N"
5.10135,45.92786,"max @80","Meximieux vers St André de Corcy RD4"
5.17567,46.0076,"max @80","BOURG EN BRESSE vers CHALAMONT RD22"
6.08662,43.33468,"max @80","DOUBLE SENS RD43"
6.54954,43.25053,"max @80","DOUBLE SENS RD98"
4.34593,45.62226,"max @80","DOUBLE SENS RD12"
4.62052,45.29275,"max @80","DOUBLE SENS RD1082"
5.27387,47.95924,"max @80","LANGRES vers CHAUMONT RD619"
5.11446,48.27245,"max @80","Chaumont vers St Dizier RN67"
-1.08287,45.81964,"max @80","DOUBLE SENS RD728"
-0.5256,45.91993,"max @80","DOUBLE SENS RD150"
6.36386,47.65842,"max @80","BELFORT VERS LANGRES RN19"
5.99328,44.11609,"max @80","DOUBLE SENS RN85"
5.83217,43.85757,"max @80","DOUBLE SENS RD4096"
6.01988,44.07632,"max @80","DOUBLE SENS RN85"
5.86389,43.88555,"max @80","DOUBLE SENS RD4096"
-0.09618,48.02078,"max @80","DOUBLE SENS RD357"
0.34573,48.11431,"max @80","DOUBLE SENS RD301"
4.2282,49.1389,"max @80","REIMS VERS CHALONS EN CHAMPAGNE RD944"
2.16705,43.99942,"max @80","CARMAUX VERS ALBI RN2088"
4.89023,46.78485,"max @80","DOUBLE SENS RD673"
4.91729,46.73646,"max @80","DOUBLE SENS RD978"
7.34161,47.8357,"max @80","DOUBLE SENS RD20"
7.70085,48.86317,"max @80","DOUBLE SENS RD1062"
-0.70397,47.96125,"max @80","DOUBLE SENS RN162"
-0.97332,48.07663,"max @80","LAVAL VERS RENNES RD57"
-1.47515,49.64416,"max @80","DOUBLE SENS RD901"
-1.48766,49.10263,"max @80","DOUBLE SENS RD2"
6.83843,47.87434,"max @80","DOUBLE SENS RN66"
0.24254,46.63122,"max @80","DOUBLE SENS RN149"
1.21917,43.93981,"max @80","DOUBLE SENS RD813"
1.23141,44.03106,"max @80","DOUBLE SENS RD958"
3.39995,48.69258,"max @80","DOUBLE SENS RN4"
6.13947,44.04822,"max @80","DIGNE LES BAINS VERS MALIJAI RN85"
3.72857,47.96298,"max @80","AUXERRE VERS ST FLORENTIN RN77"
5.19178,43.53641,"max @80","DOUBLE SENS RD113"
-0.54974,43.17541,"max @80","OLORON STE MARIE VERS PAU RN134"
-0.46663,45.04349,"max @80","BORDEAUX VERS SAINTES RD137"
4.89382,44.55284,"max @80","DOUBLE SENS RD540"
-0.70353,43.46441,"max @80","DOUBLE SENS RD817"
-60.96781,14.66466,"max @80","DOUBLE SENS RN1"
-61.02076,14.80932,"max @80","DOUBLE SENS RN1"
-0.49413,48.54187,"max @80","DOUBLE SENS RD976"
5.11311,48.48442,"max @80","DOUBLE SENS RN67"
1.55456,45.12362,"max @80","DOUBLE SENS RD38"
1.76615,50.50315,"max @80","DOUBLE SENS RD901"
-3.3369,48.24163,"max @80","RENNES VERS CHATEAULIN RN164"
4.14182,45.29287,"max @80","DOUBLE SENS RD12"
3.87917,45.00722,"max @80","DOUBLE SENS RN88"
-1.40957,48.719,"max @80","DOUBLE SENS RD973"
0.65222,49.14012,"max @80","DOUBLE SENS RD438"
0.9473,49.22405,"max @80","DOUBLE SENS RD840"
6.17827,47.62763,"max @80","LURE VERS VESOUL RN19"
4.04019,46.2394,"max @80","DOUBLE SENS RD982"
4.40949,46.42902,"max @80","MOULINS VERS MACON RN79"
1.20635,47.33407,"max @80","DOUBLE SENS RD976"
5.81183,43.21835,"max @80","DOUBLE SENS RDN8"
0.04954,43.42323,"max @80","DOUBLE SENS RD935"
1.29655,46.92244,"max @80","DOUBLE SENS RD943"
0.72225,49.15467,"max @80","DOUBLE SENS RD613"
3.82139,43.68044,"max @80","DOUBLE SENS RD986"
3.87394,43.78758,"max @80","DOUBLE SENS RD17"
1.68372,46.78682,"max @80","DOUBLE SENS RD920"
4.99709,43.86528,"max @80","DOUBLE SENS RD973"
-1.72092,47.8408,"max @80","DOUBLE SENS RD772"
-1.36965,48.11581,"max @80","ST JEAN SUR VILAINE VERS CHATEAUBOURG RD857"
-0.76019,45.57308,"max @80","DOUBLE SENS RD732"
-0.97539,45.6354,"max @80","SAINTES VERS ROYAN RN150"
6.03457,44.47583,"max @80","GAP VERS SISTERON RN85"
3.53421,48.71967,"max @80","PARIS VERS NANCY RN4"
5.44001,46.57785,"max @80","LONS LE SAUNIER VERS ST AMOUR RD1083"
3.25853,46.98935,"max @80","DOUBLE SENS RD978"
2.97343,44.04511,"max @80","ST AFFRIQUE VERS MILLAU RD992"
5.72928,46.88885,"max @80","DOUBLE SENS RN83"
3.23867,49.94754,"max @80","CAMBRAI VERS ST QUENTIN RD1044"
4.67539,43.94883,"max @80","REMOULINS VERS AVIGNON RN100"
4.7043,44.39963,"max @80","MONTELIMAR VERS ORANGE RN7"
0.67979,45.22916,"max @80","DOUBLE SENS RD939"
0.77934,45.15661,"max @80","DOUBLE SENS RN221"
5.08055,47.25353,"max @80","DOUBLE SENS RD968"
2.94368,43.08329,"max @80","DOUBLE SENS RD6009"
3.36878,46.46576,"max @80","VARENNES VERS MOULINS RN7"
3.28459,46.23546,"max @80","GANNAT VERS ST POURCAIN SUR SIOULE RD2009"
3.48903,46.26858,"max @80","DOUBLE SENS RN7"
1.6849,49.49519,"max @80","DOUBLE SENS RD915"
5.16879,45.88424,"max @80","DOUBLE SENS RD1084"
2.40773,44.89669,"max @80","MAURS vers AURILLAC RN122"
4.64336,44.73788,"max @80","DOUBLE SENS RD104"
3.46284,44.50116,"max @80","BALSIEGES VERS MENDE RN88"
5.29042,46.21175,"max @80","DOUBLE SENS RD936"
1.54604,48.5429,"max @80","DOUBLE SENS RD906"
5.52653,45.26191,"max @80","DOUBLE SENS RD1532"
-1.0395,46.61224,"max @80","DOUBLE SENS RD137"
-1.26183,46.92863,"max @80","DOUBLE SENS RD137"
-3.55049,48.08683,"max @80","DOUBLE SENS RD769"
-1.63036,48.04582,"max @80","DOUBLE SENS RD34"
2.11227,48.01813,"max @80","DOUBLE SENS RD2152"
3.74408,43.42333,"max @80","DOUBLE SENS RD612"
3.776145,43.494064,"max @80","DOUBLE SENS RD612"
3.44236,43.30666,"max @80","DOUBLE SENS RD612"
6.08237,45.91482,"max @80","DOUBLE SENS RD3508"
4.81691,45.2242,"max @80","ST VALLIER vers ST RAMBERT D ALBON RN7"
2.60465,50.53378,"max @80","LILLERS VERS BETHUNE RD943"
0.37071,48.00498,"max @80","DOUBLE SENS RD357"
2.41399,50.41841,"max @80","ST POL SUR TERNOISE VERS BETHUNE RD941"
-1.46733,43.5135,"max @80","BAYONNE VERS LANDES RD810"
4.6691,46.935,"max @80","ARNAY LE DUC vers ST AUBIN RD906"
-0.299788,48.425255,"max @80","JAVRON LES CHAPELLES vers ST CYR EN PAIL RN12"
2.611574,47.114235,"max @80","LA CHARITE SUR LOIRE vers BOURGES RN151"
3.48006,49.36362,"max @80","SOISSONS vers REIMS RN31"
0.1417,46.8815,"max @80","POITIERS vers LOUDUN RD347"
-1.11816,43.85228,"max @80","CASTETS vers DAX RD947"
-1.25692,43.67753,"max @80","ST GEOURS DE MAREMNE vers BAYONNE RD 810"
0.6237,43.663,"max @80","TOULOUSE vers AUCH RN124"
2.1899,45.971,"max @80","ST MAIXANT vers AUBUSSON RD990"
5.3272,45.957,"max @80","AMBERIEU EN BUGEY vers LYON RD1075"
-0.5332,43.354,"max @80","ARBUS vers ABOS RD2"
4.9559,43.542,"max @80","ISTRES vers MIRAMAS RN1569"
0.94695,49.4729,"max @80","DUCLAIR vers ST MARTIN DE BOSCHERVILLE RD982"
-0.0235,43.782,"max @80","AUCH vers MONT DE MARSAN RD931"
0.5401,43.581,"max @80","AUCH vers TARBES RN21"
0.9892,48.746,"max @80","Nonancourt vers Verneuil sur Avre RN12"
3.3137,48.022,"max @80","SENS vers AUXERRE RD606"
3.3715,48.1735,"max @80","Sens vers Troyes RD660"
5.4976,47.816,"max @80","VESOUL vers LANGRES RN19"
0.6756,46.065,"max @80","CONFOLENS vers BELLAC RD951"
2.695,44.39,"max @80","SEVERAC LE CHATEAU vers RODEZ RN88"
4.1362,48.496,"max @80","TROYES vers ARCIS SUR AUBE RD677"
3.4819,48.485,"max @80","Paris vers Troyes RD619"
4.5778,49.382,"max @80","TOURCELLES CHAUMONT vers SEMIDE RD977"
2.85574,43.47254,"max @80","ST PONS DE THOMIERES vers ST CHINIAN RD 612"
1.5165,44.218,"max @80","CAHORS vers CAUSSADE RD820"
1.8687,44.292,"max @80","RODEZ vers CAYLUS RD926"
2.3086,43.621,"max @80","BRASSAC vers CASTRES RD622"
2.2793,43.916,"max @80","ALBI vers VILLEFRANCHE D ALBIGEOIS RD999"
1.7595,43.909,"max @80","MONTAUBAN vers ALBI RD999"
6.91,47.887,"max @80","EPINAL vers MULHOUSE RN66"
4.4277,49.727,"max @80","SIGNY L'ABBAYE vers LEPRON LES VALLEES RD985"
5.2976,45.85,"max @80","LAGNIEU vers ST VULBAS RD20"
1.4404,43.956,"max @80","ALBI vers MONTAUBAN RD999"
1.3054,43.894,"max @80","MONTAUBAN vers TOULOUSE RD820"
1.3215,43.807,"max @80","TOULOUSE vers MONTAUBAN RD820"
4.862,46.376,"max @80","MACON vers CHALON RD906"
4.3522,45.914,"max @80","ROANNE vers TARARE RN7"
2.2123,47.294,"max @80","VIERZON vers NEUVY SUR BARANGEON RD926"
2.19036,47.2836,"max @80","NEUVY SUR BARANGEON vers VIERZON RD926"
-0.6183,43.633,"max @80","ORTHEZ vers HAGETMAU RD933S"
5.019,43.971,"max @80","MONTEUX vers L'ISLE SUR LA SORGUE RD31"
4.8731,44.025,"max @80","AVIGNON vers BEDARRIDES RD907"
5.0278,43.947,"max @80","L ISLE SUR LA SORGUE vers MONTEUX RD31"
2.8766,49.957,"max @80","ALBERT vers PERONNE RD938"
1.942,49.951,"max @80","POIX DE PICARDIE vers AIRAINES RD901"
2.7086,49.658,"max @80","ROYE vers MONTDIDIER RD930"
3.0073,49.99,"max @80","CAMBRAI vers PERONNE RD917"
3.1871,48.692,"max @80","PARIS vers Province RN4"
5.1119,48.277,"max @80","ST DIZIER vers CHAUMONT RN67"
1.4482,48.454,"max @80","DREUX vers ORLEANS RN1154"
4.95997,43.53074,"max @80","MIRAMAS vers ISTRES RN1569"
2.1858,43.841,"max @80","ALBI vers REALMONT RD612"
1.8357,48.506,"max @80","PROVINCE vers PARIS RN191"
-0.1748,43.686,"max @80","BARCELONNE DU GERS vers RISCLE RD935"
4.2055,48.344,"max @80","TROYES vers BRIENNE LE CHATEAU RD960"
4.0192,47.921,"max @80","TONNERRE vers TROYES RD944"
3.1904,48.176,"max @80","SENS vers NEMOURS RD81"
3.6229,47.792,"max @80","CHABLIS vers AUXERRE RN65"
3.813,47.964,"max @80","TONNERRE vers SAINT FLORENTIN RD905"
3.3941,48.173,"max @80","TROYES vers SENS RD660"
2.3378,47.93,"max @80","CHATEAUNEUF SUR LOIRE vers MONTARGIS RD2060"
2.356,47.94,"max @80","MONTARGIS vers CHATEAUNEUF SUR LOIRE RD2060"
0.7401,47.593,"max @80","ST LAURENT EN GATINES vers BEAUMONT LA RONCE RD766"
0.6094,47.56,"max @80","NEUILLE PONT PIERRE vers BEAUMONT LA RONCE RD766"
0.5739,49.085,"max @80","BRIONNE vers BROGLIE RD438"
0.8628,48.716,"max @80","VERNEUEIL SUR AVRE vers ALENCON RN12"
0.9336,48.967,"max @80","LE NEUBOURG vers BRETEUIL RD840"
0.8791,45.415,"max @80","THIVIERS vers ST JEAN DE COLE RD707"
0.85801,45.41358,"max @80","ST JEAN DE COLE vers THIVIERS RD707"
-1.7352,43.357,"max @80","ESPAGNE vers  BAYONNE RD810"
-0.4795,43.16,"max @80","GAN vers OLORON STE MARIE RN134"
-0.471,43.16,"max @80","OLORON STE MARIE vers PAU RN134"
3.8492,48.726,"max @80","PARIS vers NANCY RN4"
4.4365,46.413,"max @80","MACON vers MOULINS RN79"
4.55662,46.36857,"max @80","MOULINS vers MACON RN79"
3.8307,46.48,"max @80","MOLINET vers DOMPIERRE SUR BESBRE RN79"
3.9043,46.456,"max @80","DOMPIERRE SUR BESBRE vers MOLINET RN79"
3.4723,46.517,"max @80","MOULINS vers DOMPIERRE RN79"
3.0229,46.364,"max @80","MONTMARAULT vers MOULINS RN79"
1.2911,45.767,"max @80","LIMOGES vers LE VIGEN RD704"
6.3637,46.8127,"max @80","JOUGNE VERS PONTARLIER RN57"
6.36369,46.81268,"max @80","PONTARLIER VERS JOUGNE RN57"
-1.717421,47.9247787,"max @80","DOUBLE SENS RD48"
6.31718,46.264828,"max @80","ANNEMASSE vers THONON-LES-BAINS D1206"
3.2855,43.277,"max @80","BEZIERS vers SERIGNAN RD64"
3.79439,43.71891,"max @80","GANGES vers MONTPELLIER RD986"
2.9475,48.298,"max @80","MONTEREAU FAULT YONNE VERS THOURY FEROTTES RD219"
-0.9395,46.06,"max @80","DOUBLE SENS RD5"
3.24409,49.93826,"max @80","ST QUENTIN vers CAMBRAI RD1044"
4.793,44.341,"max @80","DOUBLE SENS RD59"
1.9596,49.054,"max @80","La Villeneuve vers Sagy RD28"
6.2804,49.399,"max @80","SIERCK LES BAINS vers THIONVILLE RD654"
3.754,49.525,"max @80","LAON vers REIMS RD1044"
-2.5088,48.43,"max @80","Lamballe vers La Malhoure RD14"
6.2074,47.624,"max @80","VESOUL vers LURE RN19"
6.3759,47.662,"max @80","POMOY VERS GENEVREUILLE RN19"
2.9226,49.898,"max @80","DOUBLE SENS RD1017"
4.8942,47.9818,"max @80","DOUBLE SENS RD65"
4.3912,49.874,"max @80","DOUBLE SENS RD8043"
4.3686,49.408,"max @80","DOUBLE SENS RD985"
-1.758629,46.592041,"max @80","Olonne sur Mer vers Vaire RD32"
-2.0249,46.947,"max @80","DOUBLE SENS RD758"
-1.9375,46.761,"max @80","DOUBLE SENS RD69"
-1.8799,46.812,"max @80","DOUBLE SENS RD32"
1.0115,44.092,"max @80","DOUBLE SENS RD813"
1.1635,44.033,"max @80","Castelsarrasin vers Montauban RD958"
1.1878,44.133,"max @80","Moissac vers Montauban RD927"
1.2489,43.816,"max @80","DOUBLE SENS RD26"
2.2242,43.636,"max @80","DOUBLE SENS RD612"
1.7308,43.748,"max @80","DOUBLE SENS RD630"
2.0429,43.76781,"max @80","LABOUTARIE vers LAVAUR RD631"
-0.6833,46.837,"max @80","CERIZAY VERS MAULEON RD744"
-0.2155,46.593,"max @80","DOUBLE SENS RD938"
6.9047,48.6404,"max @80","BLAMONT vers HEMING RN4"
6.2821,49.401,"max @80","THIONVILLE vers SIERCK LES BAINS RD654"
-0.86753,48.0501,"max @80","DOUBLE SENS RD32"
-0.6512,47.842,"max @80","DOUBLE SENS RD28"
-0.582,47.965,"max @80","DOUBLE SENS RD21"
0.36688,44.07858,"max @80","DOUBLE SENS RD930"
0.6923,44.462,"max @80","DOUBLE SENS RN21"
0.978019,44.43093,"max @80","DOUBLE SENS RD102"
-1.2469,47.198,"max @80","LA BOISSIERE DU DORE vers VALLET RD763"
-1.4987,47.224,"max @80","Carquefou vers Nantes Bld de la Prairie de Mauves"
-1.9849,47.638,"max @80","DOUBLE SENS RD775"
-0.1535,45.023,"max @80","Libourne vers Coutras RD674"
-1.103,44.596,"max @80","DOUBLE SENS RD652"
-1.0453,45.132,"max @80","DOUBLE SENS RD3"
-0.7254,44.845,"max @80","Bordeaux vers Martignas sur Jalle RD213"
-0.465,44.829,"max @80","DOUBLE SENS RD936"
0.507,44.813,"max @80","DOUBLE SENS RN21"
2.99639,44.07932,"max @80","MILLAU vers ST GEORGES DE LUZENCON RD992"
1.4679,43.976,"max @80","DOUBLE SENS RD8"
0.4816,48.632,"max @80","DOUBLE SENS RD932"
2.5299,49.083,"max @80","LOUVRES vers SURVILLIERS RD317"
6.63149,45.98988,"max @80","DOUBLE SENS RD1205"
-2.8972,47.62196,"max @80","Vannes vers Auray RD101"
7.55887,48.7867,"max @80","Bossendorf vers Lixhausen RD7"
-2.8202,48.022,"max @80","PONTIVY vers JOSSELIN RD764"
-3.34053,47.8395,"max @80","ROSCOFF vers LORIENT RD769"
-3.239926,47.755658,"max @80","Lanester vers Merlevenez RD194"
1.2775,47.418,"max @80","DOUBLE SENS RD764"
1.11729,47.46997,"max @80","DOUBLE SENS RD952"
-0.29199,43.80084,"max @80","AIRE SUR L ADOUR vers VILLENEUVE DE MARSAN RD934"
-1.2951,43.554,"max @80","BAYONNE vers PAU RD817"
6.0539,46.816,"max @80","DOUBLE SENS RD471"
0.906,47.397,"max @80","TOURS vers AMBOISE RD751"
0.7652,47.481,"max @80","TOURS vers MONNAIE RD910"
0.7681,47.483,"max @80","MONNAIE vers TOURS RD910"
1.6628,46.77,"max @80","DOUBLE SENS RD67"
1.61709,48.13697,"max @80","DOUBLE SENS RD927"
1.2934,48.451,"max @80","CHARTRES vers COURVILLE SUR EURE RD923"
0.9159,48.26,"max @80","DOUBLE SENS RD955"
1.3172,48.529,"max @80","DOUBLE SENS RD939"
0.9305,48.885,"max @80","DOUBLE SENS RD840"
6.3656,47.331,"max @80","DOUBLE SENS RD50"
6.2086,46.939,"max @80","DOUBLE SENS RD72"
1.9998,44.046,"max @80","ALBI vers CORDES SUR CIEL RD600"
2.066,43.513,"max @80","DOUBLE SENS RD622"
2.1366,49.58704,"max @80","DOUBLE SENS RD151"
2.0967,49.336,"max @80","DOUBLE SENS RD927"
-0.65357,47.16631,"max @80","CHEMILLE EN ANJOU vers LYS HAUT LAYON RD756"
2.1271,48.163,"max @80","DOUBLE SENS RD927"
5.3577,45.875,"max @80","DOUBLE SENS RD1075"
-1.8148,48.02,"max @80","DOUBLE SENS RD44"
3.5489,43.421,"max @80","MARSEILLAN vers MEZE RD 51"
0.6372,43.077,"max @80","ST GAUDENS vers SEILHAN RD8"
1.3626,43.755,"max @80","DOUBLE SENS RD820"
3.796,43.951,"max @80","ST HIPPOLYTE DU FORT vers GANGES RD999"
3.8169,43.956,"max @80","Ganges vers St Hippolyte du Fort RD999"
2.34596,48.25092,"average @80","PITHIVIERS vers NANTEAU SUR ESSONNE RD2152"
5.14233,43.5835,"average @80","VITROLLES vers SALON DE PROVENCE RD113"
1.75535,50.68241,"average @80","BOULOGNE SUR MER vers DESVRES RD341"
2.34397,48.24962,"average @80","NANTEAU SUR ESSONNE vers PITHIVIERS RD2152"
6.4916,44.55123,"average @80","BRIANCON vers GAP RN94"
3.58432,46.53445,"average @80","MONTBEUGNY vers THIEL SUR ACOLIN RN79"
6.34129,46.97625,"average @80","BESANCON vers PONTARLIER RN57"
6.04304,47.09946,"average @80","EPEUGNEY vers CLERON RD9"
5.16809,45.04916,"average @80","GRENOBLE vers VALENCE RD532"
5.20998,45.06043,"average @80","VALENCE vers GRENOBLE RD532"
3.17323,43.61108,"average @80","CLERMONT L HERAULT vers BEDARIEUX RD908"
4.61414,44.1309,"average @80","BAGNOLS SUR CEZE vers REMOULINS RD6086"
4.9658,43.49527,"average @80","FOS SUR MER vers ISTRES RN1569"
6.58803,47.12449,"average @80","MORTEAU vers FUANS RD242"
3.22885,43.39902,"average @80","BEDARIEUX vers BEZIERS RD909"
1.324844,43.726033,"average @80","Merville vers Grenade RD 2"
1.48944,49.10988,"average @80","Vernon vers Gisors RD 181"
0.77237,49.75755,"average @80","ST VALERY EN CAUX vers DOUDEVILLE RD20"
0.7408,49.50676,"average @80","YVETOT vers ARELAUNE EN SEINE RD490"
2.61717,50.22812,"average @80","Arras vers Doullens RN25"
0.86989,47.40195,"average @80","Tours vers Blois RD 952"
4.40147,43.54861,"average @80","ARLES vers SAINTES MARIES DE LA MER RD570"
4.44391,43.5823,"average @80","SAINTES MARIES DE LA MER vers ARLES RD570"
4.70572,46.97842,"average @80","PR croissant RD 973"
4.57239,44.58158,"average @80","LE TEIL vers AUBENAS RN102"
4.70022,45.02639,"average @80","LAMASTRE vers TOURNON SUR RHONE RD534"
4.29786,44.41055,"average @80","RUOMS vers ALES RD111"
-1.25652,46.16369,"average @80","LA ROCHELLE vers RIVEDOUX PLAGE RD735"
2.517,42.81419,"average @80","MAURY vers ST PAUL DE FENOUILLET RD117"
7.07053,48.28992,"average @80","Frapelle vers Raves RN159"
2.58284,42.8106,"average @80","ST PAUL DE FENOUILLET vers MAURY RD117"
2.48978,50.18858,"average @80","DOULLENS vers ARRAS RN25"
2.53582,50.46309,"average @80","Rond-point polyclinique vers Houdain RD301"
0.52429,48.52822,"average @80","Nord vers Sud RD401"
-0.34845,48.57775,"average @80","Magny le désert vers Bagnoles de l'Orne RD402"
5.69777,45.1195,"average @80","Vizille vers Grenoble RN85"
5.70554,45.10449,"average @80","Grenoble vers Vizille RN85"
3.5109,43.62292,"average @80","GIGNAC vers BELARGA RD32"
3.41663,43.41505,"average @80","ST THIBERY vers PEZENAS RD13"
1.20745,44.87911,"average @80","LOUBEJAC vers SARLAT LA CANEDA RD704"
5.73001,44.49779,"average @80","Grenoble vers Sisteron RD 1075"
7.56854,48.74764,"average @80","ALTECKENDORF vers WASSELONNE RD 25"
4.97359,44.36246,"average @80","VISAN vers VALREAS RD976"
5.09278,43.78382,"average @80","PERTUIS vers CAVAILLON RD973"
0.18197,45.62526,"average @80","Soyaux vers Puymoyen RD1000"
3.88568,44.7838,"average @80","LE PUY EN VELAY vers PRADELLES RN88"
4.60756,43.72674,"average @80","BEAUCAIRE vers FOURQUES RD15"
