<?xml version='1.0' encoding='utf-8'?>
<bitmaps count="13">
  <resource id="1" name="bitmaps/000_image.png,0,0,39,39,-19,-39" />
  <resource id="2" name="bitmaps/001_image.png,0,0,39,39,-19,-39" />
  <resource id="3" name="bitmaps/002_image.png,0,0,39,39,-19,-39" />
  <resource id="4" name="bitmaps/003_image.png,0,0,39,39,-19,-39" />
  <resource id="5" name="bitmaps/004_image.png,0,0,39,39,-19,-39" />
  <resource id="6" name="bitmaps/005_image.png,0,0,39,39,-19,-39" />
  <resource id="7" name="bitmaps/006_image.png,0,0,39,39,-19,-39" />
  <resource id="8" name="bitmaps/007_image.png,0,0,39,39,-19,-39" />
  <resource id="9" name="bitmaps/008_image.png,0,0,39,39,-19,-39" />
  <resource id="10" name="bitmaps/009_image.png,0,0,39,39,-19,-39" />
  <resource id="11" name="bitmaps/010_image.png,0,0,39,39,-19,-39" />
  <resource id="12" name="bitmaps/011_image.png,0,0,39,39,-19,-39" />
  <resource id="13" name="bitmaps/012_image.png,0,0,39,39,-19,-39" />
</bitmaps>
