<?xml version='1.0' encoding='utf-8'?>
<strings>
  <string id="0" type="0">
    <lang lang="de-DE">
      <text>|GATSO| FR</text>
    </lang>
  </string>
  <string id="1" type="0">
    <lang lang="de-DE">
      <text>|unknown| FR</text>
    </lang>
  </string>
  <string id="2" type="0">
    <lang lang="de-DE">
      <text>|speed| FR</text>
    </lang>
  </string>
  <string id="3" type="0">
    <lang lang="de-DE">
      <text>|30| FR</text>
    </lang>
  </string>
  <string id="4" type="0">
    <lang lang="de-DE">
      <text>|50| FR</text>
    </lang>
  </string>
  <string id="5" type="0">
    <lang lang="de-DE">
      <text>|70| FR</text>
    </lang>
  </string>
  <string id="6" type="0">
    <lang lang="de-DE">
      <text>|80| FR</text>
    </lang>
  </string>
  <string id="7" type="0">
    <lang lang="de-DE">
      <text>|90| FR</text>
    </lang>
  </string>
  <string id="8" type="0">
    <lang lang="de-DE">
      <text>|110| FR</text>
    </lang>
  </string>
  <string id="9" type="0">
    <lang lang="de-DE">
      <text>|130| FR</text>
    </lang>
  </string>
  <string id="10" type="0">
    <lang lang="de-DE">
      <text>|stop| FR</text>
    </lang>
  </string>
  <string id="11" type="0">
    <lang lang="de-DE">
      <text>|redlight| FR</text>
    </lang>
  </string>
  <string id="12" type="0">
    <lang lang="de-DE">
      <text>|railway| FR</text>
    </lang>
  </string>
</strings>
