<?xml version='1.0' encoding='utf-8'?>
<strings>
  <string id="0" type="0">
    <lang lang="de-DE">
      <text>|gazole| FR</text>
    </lang>
  </string>
  <string id="1" type="0">
    <lang lang="de-DE">
      <text>|b7| FR</text>
    </lang>
  </string>
  <string id="2" type="0">
    <lang lang="de-DE">
      <text>|flex| FR</text>
    </lang>
  </string>
  <string id="3" type="0">
    <lang lang="de-DE">
      <text>|e85| FR</text>
    </lang>
  </string>
  <string id="4" type="0">
    <lang lang="de-DE">
      <text>|petrol| FR</text>
    </lang>
  </string>
  <string id="5" type="0">
    <lang lang="de-DE">
      <text>|e10| FR</text>
    </lang>
  </string>
  <string id="6" type="0">
    <lang lang="de-DE">
      <text>|e5| FR</text>
    </lang>
  </string>
  <string id="7" type="0">
    <lang lang="de-DE">
      <text>|sp95| FR</text>
    </lang>
  </string>
  <string id="8" type="0">
    <lang lang="de-DE">
      <text>|sp98| FR</text>
    </lang>
  </string>
  <string id="9" type="0">
    <lang lang="de-DE">
      <text>|gaz| FR</text>
    </lang>
  </string>
  <string id="10" type="0">
    <lang lang="de-DE">
      <text>|lpg| FR</text>
    </lang>
  </string>
  <string id="11" type="0">
    <lang lang="de-DE">
      <text>|gpl| FR</text>
    </lang>
  </string>
  <string id="12" type="0">
    <lang lang="de-DE">
      <text>|gnv| FR</text>
    </lang>
  </string>
  <string id="13" type="0">
    <lang lang="de-DE">
      <text>|electricity| FR</text>
    </lang>
  </string>
  <string id="14" type="0">
    <lang lang="de-DE">
      <text>|pressure| FR</text>
    </lang>
  </string>
  <string id="15" type="0">
    <lang lang="de-DE">
      <text>|adblue| FR</text>
    </lang>
  </string>
</strings>
